Id,TotalSteps,TotalDistance,LoggedActivitiesDistance,VeryActiveDistance,ModeratelyActiveDistance,LightActiveDistance,SedentaryActiveDistance,VeryActiveMinutes,FairlyActiveMinutes,LightlyActiveMinutes,SedentaryMinutes,Calories,Date,TotalSleepRecords,TotalMinutesAsleep,TotalTimeInBed,WeightKg,WeightPounds,BMI,Weekday,NotWorn,TotalActiveMinutes,SleepHours,ActivityLevel
1503960366,13162,8.5,0.0,1.87999999523163,0.550000011920929,6.05999994277954,0.0,25,13,328,728,1985,2016-04-12,1.0,327.0,346.0,,,,Tuesday,False,366,5.45,Very Active
1503960366,10735,6.96999979019165,0.0,1.57000005245209,0.689999997615814,4.71000003814697,0.0,21,19,217,776,1797,2016-04-13,2.0,384.0,407.0,,,,Wednesday,False,257,6.4,Very Active
1503960366,10460,6.73999977111816,0.0,2.44000005722046,0.400000005960464,3.91000008583069,0.0,30,11,181,1218,1776,2016-04-14,0.0,,,,,,Thursday,False,222,,Very Active
1503960366,9762,6.28000020980835,0.0,2.14000010490417,1.25999999046326,2.82999992370605,0.0,29,34,209,726,1745,2016-04-15,1.0,412.0,442.0,,,,Friday,False,272,6.87,Fairly Active
1503960366,12669,8.15999984741211,0.0,2.71000003814697,0.409999996423721,5.03999996185303,0.0,36,10,221,773,1863,2016-04-16,2.0,340.0,367.0,,,,Saturday,False,267,5.67,Very Active
1503960366,9705,6.48000001907349,0.0,3.19000005722046,0.779999971389771,2.50999999046326,0.0,38,20,164,539,1728,2016-04-17,1.0,700.0,712.0,,,,Sunday,False,222,11.67,Fairly Active
1503960366,13019,8.59000015258789,0.0,3.25,0.639999985694885,4.71000003814697,0.0,42,16,233,1149,1921,2016-04-18,0.0,,,,,,Monday,False,291,,Very Active
1503960366,15506,9.88000011444092,0.0,3.52999997138977,1.32000005245209,5.03000020980835,0.0,50,31,264,775,2035,2016-04-19,1.0,304.0,320.0,,,,Tuesday,False,345,5.07,Very Active
1503960366,10544,6.67999982833862,0.0,1.96000003814697,0.479999989271164,4.23999977111816,0.0,28,12,205,818,1786,2016-04-20,1.0,360.0,377.0,,,,Wednesday,False,245,6.0,Very Active
1503960366,9819,6.34000015258789,0.0,1.3400000333786,0.349999994039536,4.65000009536743,0.0,19,8,211,838,1775,2016-04-21,1.0,325.0,364.0,,,,Thursday,False,238,5.42,Fairly Active
1503960366,12764,8.13000011444092,0.0,4.76000022888184,1.12000000476837,2.24000000953674,0.0,66,27,130,1217,1827,2016-04-22,0.0,,,,,,Friday,False,223,,Very Active
1503960366,14371,9.03999996185303,0.0,2.80999994277954,0.870000004768372,5.3600001335144,0.0,41,21,262,732,1949,2016-04-23,1.0,361.0,384.0,,,,Saturday,False,324,6.02,Very Active
1503960366,10039,6.40999984741211,0.0,2.92000007629395,0.209999993443489,3.27999997138977,0.0,39,5,238,709,1788,2016-04-24,1.0,430.0,449.0,,,,Sunday,False,282,7.17,Very Active
1503960366,15355,9.80000019073486,0.0,5.28999996185303,0.569999992847443,3.94000005722046,0.0,73,14,216,814,2013,2016-04-25,1.0,277.0,323.0,,,,Monday,False,303,4.62,Very Active
1503960366,13755,8.78999996185303,0.0,2.32999992370605,0.920000016689301,5.53999996185303,0.0,31,23,279,833,1970,2016-04-26,1.0,245.0,274.0,,,,Tuesday,False,333,4.08,Very Active
1503960366,18134,12.210000038147,0.0,6.40000009536743,0.409999996423721,5.40999984741211,0.0,78,11,243,1108,2159,2016-04-27,0.0,,,,,,Wednesday,False,332,,Very Active
1503960366,13154,8.52999973297119,0.0,3.53999996185303,1.1599999666214,3.78999996185303,0.0,48,28,189,782,1898,2016-04-28,1.0,366.0,393.0,,,,Thursday,False,265,6.1,Very Active
1503960366,11181,7.15000009536743,0.0,1.05999994277954,0.5,5.57999992370605,0.0,16,12,243,815,1837,2016-04-29,1.0,341.0,354.0,,,,Friday,False,271,5.68,Very Active
1503960366,14673,9.25,0.0,3.55999994277954,1.41999995708466,4.26999998092651,0.0,52,34,217,712,1947,2016-04-30,1.0,404.0,425.0,,,,Saturday,False,303,6.73,Very Active
1503960366,10602,6.80999994277954,0.0,2.28999996185303,1.60000002384186,2.92000007629395,0.0,33,35,246,730,1820,2016-05-01,1.0,369.0,396.0,,,,Sunday,False,314,6.15,Very Active
1503960366,14727,9.71000003814697,0.0,3.21000003814697,0.569999992847443,5.92000007629395,0.0,41,15,277,798,2004,2016-05-02,1.0,277.0,309.0,52.5999984741211,115.963146545323,22.6499996185303,Monday,False,333,4.62,Very Active
1503960366,15103,9.65999984741211,0.0,3.73000001907349,1.04999995231628,4.88000011444092,0.0,50,24,254,816,1990,2016-05-03,1.0,273.0,296.0,52.5999984741211,115.963146545323,22.6499996185303,Tuesday,False,328,4.55,Very Active
1503960366,11100,7.15000009536743,0.0,2.46000003814697,0.870000004768372,3.8199999332428,0.0,36,22,203,1179,1819,2016-05-04,0.0,,,,,,Wednesday,False,261,,Very Active
1503960366,14070,8.89999961853027,0.0,2.92000007629395,1.08000004291534,4.88000011444092,0.0,45,24,250,857,1959,2016-05-05,1.0,247.0,264.0,,,,Thursday,False,319,4.12,Very Active
1503960366,12159,8.02999973297119,0.0,1.97000002861023,0.25,5.80999994277954,0.0,24,6,289,754,1896,2016-05-06,1.0,334.0,367.0,,,,Friday,False,319,5.57,Very Active
1503960366,11992,7.71000003814697,0.0,2.46000003814697,2.11999988555908,3.13000011444092,0.0,37,46,175,833,1821,2016-05-07,1.0,331.0,349.0,,,,Saturday,False,258,5.52,Very Active
1503960366,10060,6.57999992370605,0.0,3.52999997138977,0.319999992847443,2.73000001907349,0.0,44,8,203,574,1740,2016-05-08,1.0,594.0,611.0,,,,Sunday,False,255,9.9,Very Active
1503960366,12022,7.71999979019165,0.0,3.45000004768372,0.529999971389771,3.74000000953674,0.0,46,11,206,835,1819,2016-05-09,1.0,338.0,342.0,,,,Monday,False,263,5.63,Very Active
1503960366,12207,7.76999998092651,0.0,3.34999990463257,1.1599999666214,3.25999999046326,0.0,46,31,214,746,1859,2016-05-10,1.0,383.0,403.0,,,,Tuesday,False,291,6.38,Very Active
1503960366,12770,8.13000011444092,0.0,2.55999994277954,1.00999999046326,4.55000019073486,0.0,36,23,251,669,1783,2016-05-11,1.0,285.0,306.0,,,,Wednesday,False,310,4.75,Very Active
1503960366,0,0.0,0.0,0.0,0.0,0.0,0.0,0,0,0,1440,0,2016-05-12,0.0,,,,,,Thursday,True,0,,Sedentary
1624580081,8163,5.30999994277954,0.0,0.0,0.0,5.30999994277954,0.0,0,0,146,1294,1432,2016-04-12,0.0,,,,,,Tuesday,False,146,,Fairly Active
1624580081,7007,4.55000019073486,0.0,0.0,0.0,4.55000019073486,0.0,0,0,148,1292,1411,2016-04-13,0.0,,,,,,Wednesday,False,148,,Lightly Active
1624580081,9107,5.92000007629395,0.0,0.0,0.0,5.90999984741211,0.0099999997764825,0,0,236,1204,1572,2016-04-14,0.0,,,,,,Thursday,False,236,,Fairly Active
1624580081,1510,0.980000019073486,0.0,0.0,0.0,0.970000028610229,0.0,0,0,96,1344,1344,2016-04-15,0.0,,,,,,Friday,False,96,,Sedentary
1624580081,5370,3.49000000953674,0.0,0.0,0.0,3.49000000953674,0.0,0,0,176,1264,1463,2016-04-16,0.0,,,,,,Saturday,False,176,,Lightly Active
1624580081,6175,4.05999994277954,0.0,1.02999997138977,1.51999998092651,1.49000000953674,0.0099999997764825,15,22,127,1276,1554,2016-04-17,0.0,,,,,,Sunday,False,164,,Lightly Active
1624580081,10536,7.40999984741211,0.0,2.15000009536743,0.620000004768372,4.61999988555908,0.0099999997764825,17,7,202,1214,1604,2016-04-18,0.0,,,,,,Monday,False,226,,Very Active
1624580081,2916,1.89999997615814,0.0,0.0,0.0,1.89999997615814,0.0,0,0,141,1299,1435,2016-04-19,0.0,,,,,,Tuesday,False,141,,Sedentary
1624580081,4974,3.23000001907349,0.0,0.0,0.0,3.23000001907349,0.0,0,0,151,1289,1446,2016-04-20,0.0,,,,,,Wednesday,False,151,,Sedentary
1624580081,6349,4.13000011444092,0.0,0.0,0.0,4.1100001335144,0.0199999995529652,0,0,186,1254,1467,2016-04-21,0.0,,,,,,Thursday,False,186,,Lightly Active
1624580081,4026,2.61999988555908,0.0,0.0,0.0,2.59999990463257,0.0,0,0,199,1241,1470,2016-04-22,0.0,,,,,,Friday,False,199,,Sedentary
1624580081,8538,5.55000019073486,0.0,0.0,0.0,5.53999996185303,0.0099999997764825,0,0,227,1213,1562,2016-04-23,0.0,,,,,,Saturday,False,227,,Fairly Active
1624580081,6076,3.95000004768372,0.0,1.14999997615814,0.910000026226044,1.88999998569489,0.0,16,18,185,1221,1617,2016-04-24,0.0,,,,,,Sunday,False,219,,Lightly Active
1624580081,6497,4.21999979019165,0.0,0.0,0.0,4.19999980926514,0.0199999995529652,0,0,202,1238,1492,2016-04-25,0.0,,,,,,Monday,False,202,,Lightly Active
1624580081,2826,1.8400000333786,0.0,0.0,0.0,1.83000004291534,0.0099999997764825,0,0,140,1300,1402,2016-04-26,0.0,,,,,,Tuesday,False,140,,Sedentary
1624580081,8367,5.44000005722046,0.0,1.11000001430511,1.87000000476837,2.46000003814697,0.0,17,36,154,1233,1670,2016-04-27,0.0,,,,,,Wednesday,False,207,,Fairly Active
1624580081,2759,1.78999996185303,0.0,0.0,0.200000002980232,1.60000002384186,0.0,0,5,115,1320,1401,2016-04-28,0.0,,,,,,Thursday,False,120,,Sedentary
1624580081,2390,1.54999995231628,0.0,0.0,0.0,1.54999995231628,0.0,0,0,150,1290,1404,2016-04-29,0.0,,,,,,Friday,False,150,,Sedentary
1624580081,6474,4.30000019073486,0.0,0.899999976158142,1.27999997138977,2.11999988555908,0.0099999997764825,11,23,224,1182,1655,2016-04-30,0.0,,,,,,Saturday,False,258,,Lightly Active
1624580081,36019,28.0300006866455,0.0,21.9200000762939,4.19000005722046,1.9099999666214,0.0199999995529652,186,63,171,1020,2690,2016-05-01,0.0,,,,,,Sunday,False,420,,Very Active
1624580081,7155,4.92999982833862,0.0,0.860000014305115,0.589999973773956,3.47000002861023,0.0,7,6,166,1261,1497,2016-05-02,0.0,,,,,,Monday,False,179,,Lightly Active
1624580081,2100,1.37000000476837,0.0,0.0,0.0,1.3400000333786,0.0199999995529652,0,0,96,1344,1334,2016-05-03,0.0,,,,,,Tuesday,False,96,,Sedentary
1624580081,2193,1.42999994754791,0.0,0.0,0.0,1.41999995708466,0.0,0,0,118,1322,1368,2016-05-04,0.0,,,,,,Wednesday,False,118,,Sedentary
1624580081,2470,1.61000001430511,0.0,0.0,0.0,1.58000004291534,0.0199999995529652,0,0,117,1323,1370,2016-05-05,0.0,,,,,,Thursday,False,117,,Sedentary
1624580081,1727,1.12000000476837,0.0,0.0,0.0,1.12000000476837,0.0099999997764825,0,0,102,1338,1341,2016-05-06,0.0,,,,,,Friday,False,102,,Sedentary
1624580081,2104,1.37000000476837,0.0,0.0,0.0,1.37000000476837,0.0,0,0,182,1258,1474,2016-05-07,0.0,,,,,,Saturday,False,182,,Sedentary
1624580081,3427,2.23000001907349,0.0,0.0,0.0,2.22000002861023,0.0,0,0,152,1288,1427,2016-05-08,0.0,,,,,,Sunday,False,152,,Sedentary
1624580081,1732,1.12999999523163,0.0,0.0,0.0,1.12999999523163,0.0,0,0,91,1349,1328,2016-05-09,0.0,,,,,,Monday,False,91,,Sedentary
1624580081,2969,1.92999994754791,0.0,0.0,0.0,1.91999995708466,0.0099999997764825,0,0,139,1301,1393,2016-05-10,0.0,,,,,,Tuesday,False,139,,Sedentary
1624580081,3134,2.03999996185303,0.0,0.0,0.0,2.03999996185303,0.0,0,0,112,1328,1359,2016-05-11,0.0,,,,,,Wednesday,False,112,,Sedentary
1624580081,2971,1.92999994754791,0.0,0.0,0.0,1.91999995708466,0.0099999997764825,0,0,107,890,1002,2016-05-12,0.0,,,,,,Thursday,False,107,,Sedentary
1644430081,10694,7.76999998092651,0.0,0.140000000596046,2.29999995231628,5.32999992370605,0.0,2,51,256,1131,3199,2016-04-12,0.0,,,,,,Tuesday,False,309,,Very Active
1644430081,8001,5.82000017166138,0.0,2.27999997138977,0.899999976158142,2.64000010490417,0.0,30,16,135,1259,2902,2016-04-13,0.0,,,,,,Wednesday,False,181,,Fairly Active
1644430081,11037,8.02000045776367,0.0,0.360000014305115,2.55999994277954,5.09999990463257,0.0,5,58,252,1125,3226,2016-04-14,0.0,,,,,,Thursday,False,315,,Very Active
1644430081,5263,3.82999992370605,0.0,0.219999998807907,0.150000005960464,3.45000004768372,0.0,3,4,170,1263,2750,2016-04-15,0.0,,,,,,Friday,False,177,,Lightly Active
1644430081,15300,11.1199998855591,0.0,4.09999990463257,1.87999999523163,5.09000015258789,0.0,51,42,212,1135,3493,2016-04-16,0.0,,,,,,Saturday,False,305,,Very Active
1644430081,8757,6.36999988555908,0.0,2.25,0.569999992847443,3.54999995231628,0.0,29,13,186,1212,3011,2016-04-17,0.0,,,,,,Sunday,False,228,,Fairly Active
1644430081,7132,5.19000005722046,0.0,1.07000005245209,1.66999995708466,2.45000004768372,0.0,15,33,121,1271,2806,2016-04-18,0.0,,,,,,Monday,False,169,,Lightly Active
1644430081,11256,8.18000030517578,0.0,0.360000014305115,2.52999997138977,5.30000019073486,0.0,5,58,278,1099,3300,2016-04-19,0.0,,,,,,Tuesday,False,341,,Very Active
1644430081,2436,1.76999998092651,0.0,0.0,0.0,1.75999999046326,0.0099999997764825,0,0,125,1315,2430,2016-04-20,0.0,,,,,,Wednesday,False,125,,Sedentary
1644430081,1223,0.889999985694885,0.0,0.0,0.0,0.879999995231628,0.0099999997764825,0,0,38,1402,2140,2016-04-21,0.0,,,,,,Thursday,False,38,,Sedentary
1644430081,3673,2.67000007629395,0.0,0.0,0.0,2.66000008583069,0.0099999997764825,0,0,86,1354,2344,2016-04-22,0.0,,,,,,Friday,False,86,,Sedentary
1644430081,6637,4.82999992370605,0.0,0.0,0.579999983310699,4.25,0.0,0,15,160,1265,2677,2016-04-23,0.0,,,,,,Saturday,False,175,,Lightly Active
1644430081,3321,2.41000008583069,0.0,0.0,0.0,2.41000008583069,0.0,0,0,89,1351,2413,2016-04-24,0.0,,,,,,Sunday,False,89,,Sedentary
1644430081,3580,2.59999990463257,0.0,0.589999973773956,0.0599999986588955,1.95000004768372,0.0,8,1,94,1337,2497,2016-04-25,0.0,,,,,,Monday,False,103,,Sedentary
1644430081,9919,7.21000003814697,0.0,0.800000011920929,1.72000002861023,4.69000005722046,0.0,11,41,223,1165,3123,2016-04-26,0.0,,,,,,Tuesday,False,275,,Fairly Active
1644430081,3032,2.20000004768372,0.0,0.0,0.0,2.20000004768372,0.0,0,0,118,1322,2489,2016-04-27,0.0,,,,,,Wednesday,False,118,,Sedentary
1644430081,9405,6.84000015258789,0.0,0.200000002980232,2.3199999332428,4.30999994277954,0.0,3,53,227,1157,3108,2016-04-28,0.0,,,,,,Thursday,False,283,,Fairly Active
1644430081,3176,2.30999994277954,0.0,0.0,0.0,2.30999994277954,0.0,0,0,120,1193,2498,2016-04-29,1.0,119.0,127.0,,,,Friday,False,120,1.98,Sedentary
1644430081,18213,13.2399997711182,0.0,0.629999995231628,3.14000010490417,9.46000003814697,0.0,9,71,402,816,3846,2016-04-30,1.0,124.0,142.0,,,,Saturday,False,482,2.07,Very Active
1644430081,6132,4.46000003814697,0.0,0.239999994635582,0.990000009536743,3.23000001907349,0.0,3,24,146,908,2696,2016-05-01,0.0,,,,,,Sunday,False,173,,Lightly Active
1644430081,3758,2.73000001907349,0.0,0.0700000002980232,0.310000002384186,2.34999990463257,0.0,1,7,148,682,2580,2016-05-02,1.0,796.0,961.0,,,,Monday,False,156,13.27,Sedentary
1644430081,12850,9.34000015258789,0.0,0.720000028610229,4.09000015258789,4.53999996185303,0.0,10,94,221,1115,3324,2016-05-03,0.0,,,,,,Tuesday,False,325,,Very Active
1644430081,2309,1.67999994754791,0.0,0.0,0.0,1.6599999666214,0.0199999995529652,0,0,52,1388,2222,2016-05-04,0.0,,,,,,Wednesday,False,52,,Sedentary
1644430081,4363,3.19000005722046,0.0,0.519999980926514,0.540000021457672,2.13000011444092,0.0099999997764825,6,12,81,1341,2463,2016-05-05,0.0,,,,,,Thursday,False,99,,Sedentary
1644430081,9787,7.11999988555908,0.0,0.819999992847443,0.270000010728836,6.01000022888184,0.0199999995529652,11,6,369,1054,3328,2016-05-06,0.0,,,,,,Friday,False,386,,Fairly Active
1644430081,13372,9.72000026702881,0.0,3.25999999046326,0.790000021457672,5.67000007629395,0.0099999997764825,41,17,243,1139,3404,2016-05-07,0.0,,,,,,Saturday,False,301,,Very Active
1644430081,6724,4.8899998664856,0.0,0.0,0.0,4.88000011444092,0.0,0,0,295,991,2987,2016-05-08,1.0,137.0,154.0,,,,Sunday,False,295,2.28,Lightly Active
1644430081,6643,4.82999992370605,0.0,2.39000010490417,0.349999994039536,2.08999991416931,0.0099999997764825,32,6,303,1099,3008,2016-05-09,0.0,,,,,,Monday,False,341,,Lightly Active
1644430081,9167,6.65999984741211,0.0,0.879999995231628,0.810000002384186,4.96999979019165,0.0099999997764825,12,19,155,1254,2799,2016-05-10,0.0,,,,,,Tuesday,False,186,,Fairly Active
1644430081,1329,0.970000028610229,0.0,0.0,0.0,0.949999988079071,0.0099999997764825,0,0,49,713,1276,2016-05-11,0.0,,,,,,Wednesday,False,49,,Sedentary
1844505072,6697,4.42999982833862,0.0,0.0,0.0,4.42999982833862,0.0,0,0,339,1101,2030,2016-04-12,0.0,,,,,,Tuesday,False,339,,Lightly Active
1844505072,4929,3.25999999046326,0.0,0.0,0.0,3.25999999046326,0.0,0,0,248,1192,1860,2016-04-13,0.0,,,,,,Wednesday,False,248,,Sedentary
1844505072,7937,5.25,0.0,0.0,0.0,5.23000001907349,0.0,0,0,373,843,2130,2016-04-14,0.0,,,,,,Thursday,False,373,,Fairly Active
1844505072,3844,2.53999996185303,0.0,0.0,0.0,2.53999996185303,0.0,0,0,176,527,1725,2016-04-15,1.0,644.0,961.0,,,,Friday,False,176,10.73,Sedentary
1844505072,3414,2.25999999046326,0.0,0.0,0.0,2.25999999046326,0.0,0,0,147,1293,1657,2016-04-16,0.0,,,,,,Saturday,False,147,,Sedentary
1844505072,4525,2.99000000953674,0.0,0.140000000596046,0.259999990463257,2.58999991416931,0.0,2,8,199,1231,1793,2016-04-17,0.0,,,,,,Sunday,False,209,,Sedentary
1844505072,4597,3.03999996185303,0.0,0.0,0.479999989271164,2.55999994277954,0.0,0,12,217,1211,1814,2016-04-18,0.0,,,,,,Monday,False,229,,Sedentary
1844505072,197,0.129999995231628,0.0,0.0,0.0,0.129999995231628,0.0,0,0,10,1430,1366,2016-04-19,0.0,,,,,,Tuesday,False,10,,Sedentary
1844505072,8,0.0099999997764825,0.0,0.0,0.0,0.0099999997764825,0.0,0,0,1,1439,1349,2016-04-20,0.0,,,,,,Wednesday,False,1,,Sedentary
1844505072,8054,5.32000017166138,0.0,0.119999997317791,0.519999980926514,4.67999982833862,0.0,2,13,308,1117,2062,2016-04-21,0.0,,,,,,Thursday,False,323,,Fairly Active
1844505072,5372,3.54999995231628,0.0,0.0,0.0,3.54999995231628,0.0,0,0,220,1220,1827,2016-04-22,0.0,,,,,,Friday,False,220,,Lightly Active
1844505072,3570,2.35999989509583,0.0,0.0,0.0,2.35999989509583,0.0,0,0,139,1301,1645,2016-04-23,0.0,,,,,,Saturday,False,139,,Sedentary
1844505072,0,0.0,0.0,0.0,0.0,0.0,0.0,0,0,0,1440,1347,2016-04-24,0.0,,,,,,Sunday,True,0,,Sedentary
1844505072,0,0.0,0.0,0.0,0.0,0.0,0.0,0,0,0,1440,1347,2016-04-25,0.0,,,,,,Monday,True,0,,Sedentary
1844505072,0,0.0,0.0,0.0,0.0,0.0,0.0,0,0,0,1440,1347,2016-04-26,0.0,,,,,,Tuesday,True,0,,Sedentary
1844505072,4,0.0,0.0,0.0,0.0,0.0,0.0,0,0,1,1439,1348,2016-04-27,0.0,,,,,,Wednesday,False,1,,Sedentary
1844505072,6907,4.57000017166138,0.0,0.0,0.0,4.55999994277954,0.0,0,0,302,1138,1992,2016-04-28,0.0,,,,,,Thursday,False,302,,Lightly Active
1844505072,4920,3.25,0.0,0.0,0.0,3.25,0.0,0,0,247,1082,1856,2016-04-29,0.0,,,,,,Friday,False,247,,Sedentary
1844505072,4014,2.67000007629395,0.0,0.0,0.0,2.65000009536743,0.0,0,0,184,218,1763,2016-04-30,1.0,722.0,961.0,,,,Saturday,False,184,12.03,Sedentary
1844505072,2573,1.70000004768372,0.0,0.0,0.259999990463257,1.45000004768372,0.0,0,7,75,585,1541,2016-05-01,1.0,590.0,961.0,,,,Sunday,False,82,9.83,Sedentary
1844505072,0,0.0,0.0,0.0,0.0,0.0,0.0,0,0,0,1440,1348,2016-05-02,0.0,,,,,,Monday,True,0,,Sedentary
1844505072,4059,2.6800000667572,0.0,0.0,0.0,2.6800000667572,0.0,0,0,184,1256,1742,2016-05-03,0.0,,,,,,Tuesday,False,184,,Sedentary
1844505072,2080,1.37000000476837,0.0,0.0,0.0,1.37000000476837,0.0,0,0,87,1353,1549,2016-05-04,0.0,,,,,,Wednesday,False,87,,Sedentary
1844505072,2237,1.48000001907349,0.0,0.0,0.0,1.48000001907349,0.0,0,0,120,1320,1589,2016-05-05,0.0,,,,,,Thursday,False,120,,Sedentary
1844505072,44,0.0299999993294477,0.0,0.0,0.0,0.0299999993294477,0.0,0,0,2,1438,1351,2016-05-06,0.0,,,,,,Friday,False,2,,Sedentary
1844505072,0,0.0,0.0,0.0,0.0,0.0,0.0,0,0,0,1440,1347,2016-05-07,0.0,,,,,,Saturday,True,0,,Sedentary
1844505072,0,0.0,0.0,0.0,0.0,0.0,0.0,0,0,0,1440,1347,2016-05-08,0.0,,,,,,Sunday,True,0,,Sedentary
1844505072,0,0.0,0.0,0.0,0.0,0.0,0.0,0,0,0,1440,1347,2016-05-09,0.0,,,,,,Monday,True,0,,Sedentary
1844505072,0,0.0,0.0,0.0,0.0,0.0,0.0,0,0,0,1440,1347,2016-05-10,0.0,,,,,,Tuesday,True,0,,Sedentary
1844505072,0,0.0,0.0,0.0,0.0,0.0,0.0,0,0,0,1440,1347,2016-05-11,0.0,,,,,,Wednesday,True,0,,Sedentary
1844505072,0,0.0,0.0,0.0,0.0,0.0,0.0,0,0,0,711,665,2016-05-12,0.0,,,,,,Thursday,False,0,,Sedentary
1927972279,678,0.469999998807907,0.0,0.0,0.0,0.469999998807907,0.0,0,0,55,734,2220,2016-04-12,3.0,750.0,775.0,,,,Tuesday,False,55,12.5,Sedentary
1927972279,356,0.25,0.0,0.0,0.0,0.25,0.0,0,0,32,986,2151,2016-04-13,1.0,398.0,422.0,133.5,294.317120016975,47.5400009155273,Wednesday,False,32,6.63,Sedentary
1927972279,2163,1.5,0.0,0.0,0.400000005960464,1.10000002384186,0.0,0,9,88,1292,2383,2016-04-14,0.0,,,,,,Thursday,False,97,,Sedentary
1927972279,980,0.680000007152557,0.0,0.0,0.0,0.680000007152557,0.0,0,0,51,941,2221,2016-04-15,2.0,475.0,499.0,,,,Friday,False,51,7.92,Sedentary
1927972279,0,0.0,0.0,0.0,0.0,0.0,0.0,0,0,0,1440,2064,2016-04-16,0.0,,,,,,Saturday,True,0,,Sedentary
1927972279,0,0.0,0.0,0.0,0.0,0.0,0.0,0,0,0,1440,2063,2016-04-17,0.0,,,,,,Sunday,True,0,,Sedentary
1927972279,244,0.170000001788139,0.0,0.0,0.0,0.170000001788139,0.0,0,0,17,1423,2111,2016-04-18,0.0,,,,,,Monday,False,17,,Sedentary
1927972279,0,0.0,0.0,0.0,0.0,0.0,0.0,0,0,0,1440,2063,2016-04-19,0.0,,,,,,Tuesday,True,0,,Sedentary
1927972279,0,0.0,0.0,0.0,0.0,0.0,0.0,0,0,0,1440,2063,2016-04-20,0.0,,,,,,Wednesday,True,0,,Sedentary
1927972279,0,0.0,0.0,0.0,0.0,0.0,0.0,0,0,0,1440,2064,2016-04-21,0.0,,,,,,Thursday,True,0,,Sedentary
1927972279,149,0.100000001490116,0.0,0.0,0.0,0.100000001490116,0.0,0,0,10,1430,2093,2016-04-22,0.0,,,,,,Friday,False,10,,Sedentary
1927972279,2945,2.03999996185303,0.0,0.0,0.0,2.03999996185303,0.0,0,0,145,1295,2499,2016-04-23,0.0,,,,,,Saturday,False,145,,Sedentary
1927972279,2090,1.45000004768372,0.0,0.0700000002980232,0.239999994635582,1.13999998569489,0.0,1,6,75,1358,2324,2016-04-24,0.0,,,,,,Sunday,False,82,,Sedentary
1927972279,152,0.109999999403954,0.0,0.0,0.0,0.109999999403954,0.0,0,0,12,1303,2100,2016-04-25,0.0,,,,,,Monday,False,12,,Sedentary
1927972279,3761,2.59999990463257,0.0,0.0,0.0,2.59999990463257,0.0,0,0,192,1058,2638,2016-04-26,1.0,296.0,315.0,,,,Tuesday,False,192,4.93,Sedentary
1927972279,0,0.0,0.0,0.0,0.0,0.0,0.0,0,0,0,1440,2063,2016-04-27,0.0,,,,,,Wednesday,True,0,,Sedentary
1927972279,1675,1.1599999666214,0.0,0.0,0.0,1.1599999666214,0.0,0,0,95,1167,2351,2016-04-28,1.0,166.0,178.0,,,,Thursday,False,95,2.77,Sedentary
1927972279,0,0.0,0.0,0.0,0.0,0.0,0.0,0,0,0,1440,2063,2016-04-29,0.0,,,,,,Friday,True,0,,Sedentary
1927972279,0,0.0,0.0,0.0,0.0,0.0,0.0,0,0,0,1440,2064,2016-04-30,0.0,,,,,,Saturday,True,0,,Sedentary
1927972279,2704,1.87000000476837,0.0,1.00999999046326,0.0299999993294477,0.829999983310699,0.0,14,1,70,1355,2411,2016-05-01,0.0,,,,,,Sunday,False,85,,Sedentary
1927972279,3790,2.61999988555908,0.0,1.1599999666214,0.300000011920929,1.1599999666214,0.0,16,8,94,1322,2505,2016-05-02,0.0,,,,,,Monday,False,118,,Sedentary
1927972279,1326,0.920000016689301,0.0,0.730000019073486,0.0,0.180000007152557,0.0,10,0,17,1413,2195,2016-05-03,0.0,,,,,,Tuesday,False,27,,Sedentary
1927972279,1786,1.24000000953674,0.0,0.0,0.0,1.24000000953674,0.0,0,0,87,1353,2338,2016-05-04,0.0,,,,,,Wednesday,False,87,,Sedentary
1927972279,0,0.0,0.0,0.0,0.0,0.0,0.0,0,0,0,1440,2063,2016-05-05,0.0,,,,,,Thursday,True,0,,Sedentary
1927972279,2091,1.45000004768372,0.0,0.0,0.0,1.45000004768372,0.0,0,0,108,1332,2383,2016-05-06,0.0,,,,,,Friday,False,108,,Sedentary
1927972279,1510,1.03999996185303,0.0,0.0,0.0,1.03999996185303,0.0,0,0,48,1392,2229,2016-05-07,0.0,,,,,,Saturday,False,48,,Sedentary
1927972279,0,0.0,0.0,0.0,0.0,0.0,0.0,0,0,0,1440,2063,2016-05-08,0.0,,,,,,Sunday,True,0,,Sedentary
1927972279,0,0.0,0.0,0.0,0.0,0.0,0.0,0,0,0,1440,2063,2016-05-09,0.0,,,,,,Monday,True,0,,Sedentary
1927972279,0,0.0,0.0,0.0,0.0,0.0,0.0,0,0,0,1440,2063,2016-05-10,0.0,,,,,,Tuesday,True,0,,Sedentary
1927972279,0,0.0,0.0,0.0,0.0,0.0,0.0,0,0,0,1440,2063,2016-05-11,0.0,,,,,,Wednesday,True,0,,Sedentary
1927972279,0,0.0,0.0,0.0,0.0,0.0,0.0,0,0,0,966,1383,2016-05-12,0.0,,,,,,Thursday,False,0,,Sedentary
2022484408,11875,8.34000015258789,0.0,3.30999994277954,0.769999980926514,4.26000022888184,0.0,42,14,227,1157,2390,2016-04-12,0.0,,,,,,Tuesday,False,283,,Very Active
2022484408,12024,8.5,0.0,2.99000000953674,0.100000001490116,5.40999984741211,0.0,43,5,292,1100,2601,2016-04-13,0.0,,,,,,Wednesday,False,340,,Very Active
2022484408,10690,7.5,0.0,2.48000001907349,0.209999993443489,4.82000017166138,0.0,32,3,257,1148,2312,2016-04-14,0.0,,,,,,Thursday,False,292,,Very Active
2022484408,11034,8.02999973297119,0.0,1.94000005722046,0.310000002384186,5.78000020980835,0.0,27,9,282,1122,2525,2016-04-15,0.0,,,,,,Friday,False,318,,Very Active
2022484408,10100,7.09000015258789,0.0,3.15000009536743,0.550000011920929,3.39000010490417,0.0,41,11,151,1237,2177,2016-04-16,0.0,,,,,,Saturday,False,203,,Very Active
2022484408,15112,11.3999996185303,0.0,3.86999988555908,0.660000026226044,6.88000011444092,0.0,28,29,331,1052,2782,2016-04-17,0.0,,,,,,Sunday,False,388,,Very Active
2022484408,14131,10.0699996948242,0.0,3.64000010490417,0.119999997317791,6.30000019073486,0.0,48,3,311,1078,2770,2016-04-18,0.0,,,,,,Monday,False,362,,Very Active
2022484408,11548,8.52999973297119,0.0,3.28999996185303,0.239999994635582,5.0,0.0,31,7,250,1152,2489,2016-04-19,0.0,,,,,,Tuesday,False,288,,Very Active
2022484408,15112,10.6700000762939,0.0,3.33999991416931,1.92999994754791,5.40000009536743,0.0,48,63,276,1053,2897,2016-04-20,0.0,,,,,,Wednesday,False,387,,Very Active
2022484408,12453,8.73999977111816,0.0,3.32999992370605,1.11000001430511,4.30999994277954,0.0,104,53,255,1028,3158,2016-04-21,0.0,,,,,,Thursday,False,412,,Very Active
2022484408,12954,9.32999992370605,0.0,4.42999982833862,0.419999986886978,4.46999979019165,0.0,52,10,273,1105,2638,2016-04-22,0.0,,,,,,Friday,False,335,,Very Active
2022484408,6001,4.21000003814697,0.0,0.0,0.0,4.21000003814697,0.0,0,0,249,1191,2069,2016-04-23,0.0,,,,,,Saturday,False,249,,Lightly Active
2022484408,13481,10.2799997329712,0.0,4.55000019073486,1.14999997615814,4.57999992370605,0.0,37,26,216,1161,2529,2016-04-24,0.0,,,,,,Sunday,False,279,,Very Active
2022484408,11369,8.01000022888184,0.0,3.32999992370605,0.219999998807907,4.46000003814697,0.0,44,8,217,1171,2470,2016-04-25,0.0,,,,,,Monday,False,269,,Very Active
2022484408,10119,7.19000005722046,0.0,1.42999994754791,0.660000026226044,5.1100001335144,0.0,55,24,275,1086,2793,2016-04-26,0.0,,,,,,Tuesday,False,354,,Very Active
2022484408,10159,7.13000011444092,0.0,1.03999996185303,0.970000028610229,5.11999988555908,0.0,19,20,282,1119,2463,2016-04-27,0.0,,,,,,Wednesday,False,321,,Very Active
2022484408,10140,7.11999988555908,0.0,0.409999996423721,1.33000004291534,5.3899998664856,0.0,6,20,291,1123,2296,2016-04-28,0.0,,,,,,Thursday,False,317,,Very Active
2022484408,10245,7.19000005722046,0.0,0.479999989271164,1.21000003814697,5.5,0.0,21,40,281,1098,2611,2016-04-29,0.0,,,,,,Friday,False,342,,Very Active
2022484408,18387,12.9099998474121,0.0,0.939999997615814,1.39999997615814,10.5699996948242,0.0,13,23,361,1043,2732,2016-04-30,0.0,,,,,,Saturday,False,397,,Very Active
2022484408,10538,7.40000009536743,0.0,1.94000005722046,0.959999978542328,4.5,0.0,25,28,245,1142,2380,2016-05-01,0.0,,,,,,Sunday,False,298,,Very Active
2022484408,10379,7.28999996185303,0.0,2.60999989509583,0.340000003576279,4.32999992370605,0.0,36,8,277,1119,2473,2016-05-02,0.0,,,,,,Monday,False,321,,Very Active
2022484408,12183,8.73999977111816,0.0,3.99000000953674,0.46000000834465,4.28000020980835,0.0,72,14,250,1104,2752,2016-05-03,0.0,,,,,,Tuesday,False,336,,Very Active
2022484408,11768,8.28999996185303,0.0,2.50999999046326,0.930000007152557,4.84999990463257,0.0,36,27,272,1105,2649,2016-05-04,0.0,,,,,,Wednesday,False,335,,Very Active
2022484408,11895,8.35000038146973,0.0,2.78999996185303,0.860000014305115,4.69999980926514,0.0,55,20,253,1112,2609,2016-05-05,0.0,,,,,,Thursday,False,328,,Very Active
2022484408,10227,7.17999982833862,0.0,1.87000000476837,0.670000016689301,4.6399998664856,0.0,24,17,295,1104,2498,2016-05-06,0.0,,,,,,Friday,False,336,,Very Active
2022484408,6708,4.71000003814697,0.0,1.61000001430511,0.0799999982118607,3.01999998092651,0.0,20,2,149,1269,1995,2016-05-07,0.0,,,,,,Saturday,False,171,,Lightly Active
2022484408,3292,2.30999994277954,0.0,0.0,0.0,2.30999994277954,0.0,0,0,135,1305,1848,2016-05-08,0.0,,,,,,Sunday,False,135,,Sedentary
2022484408,13379,9.39000034332275,0.0,2.11999988555908,1.62999999523163,5.6399998664856,0.0,35,47,297,1061,2709,2016-05-09,0.0,,,,,,Monday,False,379,,Very Active
2022484408,12798,8.97999954223633,0.0,2.22000002861023,1.21000003814697,5.55999994277954,0.0,57,28,271,1084,2797,2016-05-10,0.0,,,,,,Tuesday,False,356,,Very Active
2022484408,13272,9.31999969482422,0.0,4.17999982833862,1.14999997615814,3.99000000953674,0.0,58,25,224,1133,2544,2016-05-11,0.0,,,,,,Wednesday,False,307,,Very Active
2022484408,9117,6.40999984741211,0.0,1.27999997138977,0.670000016689301,4.44000005722046,0.0,16,16,236,728,1853,2016-05-12,0.0,,,,,,Thursday,False,268,,Fairly Active
2026352035,4414,2.74000000953674,0.0,0.189999997615814,0.349999994039536,2.20000004768372,0.0,3,8,181,706,1459,2016-04-12,1.0,503.0,546.0,,,,Tuesday,False,192,8.38,Sedentary
2026352035,4993,3.09999990463257,0.0,0.0,0.0,3.09999990463257,0.0,0,0,238,663,1521,2016-04-13,1.0,531.0,565.0,,,,Wednesday,False,238,8.85,Sedentary
2026352035,3335,2.0699999332428,0.0,0.0,0.0,2.04999995231628,0.0,0,0,197,653,1431,2016-04-14,1.0,545.0,568.0,,,,Thursday,False,197,9.08,Sedentary
2026352035,3821,2.36999988555908,0.0,0.0,0.0,2.36999988555908,0.0,0,0,188,687,1444,2016-04-15,1.0,523.0,573.0,,,,Friday,False,188,8.72,Sedentary
2026352035,2547,1.58000004291534,0.0,0.0,0.0,1.58000004291534,0.0,0,0,150,728,1373,2016-04-16,1.0,524.0,567.0,,,,Saturday,False,150,8.73,Sedentary
2026352035,838,0.519999980926514,0.0,0.0,0.0,0.519999980926514,0.0,0,0,60,1053,1214,2016-04-17,1.0,437.0,498.0,,,,Sunday,False,60,7.28,Sedentary
2026352035,3325,2.05999994277954,0.0,0.0,0.0,2.05999994277954,0.0,0,0,182,1062,1419,2016-04-18,0.0,,,,,,Monday,False,182,,Sedentary
2026352035,2424,1.5,0.0,0.0,0.0,1.5,0.0,0,0,141,785,1356,2016-04-19,1.0,498.0,540.0,,,,Tuesday,False,141,8.3,Sedentary
2026352035,7222,4.48000001907349,0.0,0.0,0.0,4.48000001907349,0.0,0,0,327,623,1667,2016-04-20,1.0,461.0,510.0,,,,Wednesday,False,327,7.68,Lightly Active
2026352035,2467,1.52999997138977,0.0,0.0,0.0,1.52999997138977,0.0,0,0,153,749,1370,2016-04-21,1.0,477.0,514.0,,,,Thursday,False,153,7.95,Sedentary
2026352035,2915,1.80999994277954,0.0,0.0,0.0,1.80999994277954,0.0,0,0,162,712,1399,2016-04-22,1.0,520.0,545.0,,,,Friday,False,162,8.67,Sedentary
2026352035,12357,7.71000003814697,0.0,0.0,0.0,7.71000003814697,0.0,0,0,432,458,1916,2016-04-23,1.0,522.0,554.0,,,,Saturday,False,432,8.7,Very Active
2026352035,3490,2.16000008583069,0.0,0.0,0.0,2.16000008583069,0.0,0,0,164,704,1401,2016-04-24,1.0,555.0,591.0,,,,Sunday,False,164,9.25,Sedentary
2026352035,6017,3.73000001907349,0.0,0.0,0.0,3.73000001907349,0.0,0,0,260,821,1576,2016-04-25,1.0,506.0,531.0,,,,Monday,False,260,8.43,Lightly Active
2026352035,5933,3.6800000667572,0.0,0.0,0.0,3.6800000667572,0.0,0,0,288,1018,1595,2016-04-26,0.0,,,,,,Tuesday,False,288,,Lightly Active
2026352035,6088,3.76999998092651,0.0,0.0,0.0,3.76999998092651,0.0,0,0,286,586,1593,2016-04-27,1.0,508.0,545.0,,,,Wednesday,False,286,8.47,Lightly Active
2026352035,6375,3.95000004768372,0.0,0.0,0.0,3.95000004768372,0.0,0,0,331,626,1649,2016-04-28,1.0,513.0,545.0,,,,Thursday,False,331,8.55,Lightly Active
2026352035,7604,4.71000003814697,0.0,0.0,0.0,4.71000003814697,0.0,0,0,352,492,1692,2016-04-29,1.0,490.0,510.0,,,,Friday,False,352,8.17,Fairly Active
2026352035,4729,2.9300000667572,0.0,0.0,0.0,2.9300000667572,0.0,0,0,233,594,1506,2016-04-30,1.0,573.0,607.0,,,,Saturday,False,233,9.55,Sedentary
2026352035,3609,2.27999997138977,0.0,0.0,0.0,2.27999997138977,0.0,0,0,191,716,1447,2016-05-01,1.0,527.0,546.0,,,,Sunday,False,191,8.78,Sedentary
2026352035,7018,4.34999990463257,0.0,0.0,0.0,4.34999990463257,0.0,0,0,355,716,1690,2016-05-02,1.0,511.0,543.0,,,,Monday,False,355,8.52,Lightly Active
2026352035,5992,3.72000002861023,0.0,0.0,0.0,3.72000002861023,0.0,0,0,304,981,1604,2016-05-03,0.0,,,,,,Tuesday,False,304,,Lightly Active
2026352035,6564,4.07000017166138,0.0,0.0,0.0,4.07000017166138,0.0,0,0,345,530,1658,2016-05-04,1.0,538.0,560.0,,,,Wednesday,False,345,8.97,Lightly Active
2026352035,12167,7.53999996185303,0.0,0.0,0.0,7.53999996185303,0.0,0,0,475,479,1926,2016-05-05,1.0,468.0,485.0,,,,Thursday,False,475,7.8,Very Active
2026352035,8198,5.07999992370605,0.0,0.0,0.0,5.07999992370605,0.0,0,0,383,511,1736,2016-05-06,1.0,524.0,548.0,,,,Friday,False,383,8.73,Fairly Active
2026352035,4193,2.59999990463257,0.0,0.0,0.0,2.59999990463257,0.0,0,0,229,665,1491,2016-05-07,1.0,511.0,521.0,,,,Saturday,False,229,8.52,Sedentary
2026352035,5528,3.45000004768372,0.0,0.0,0.0,3.45000004768372,0.0,0,0,258,610,1555,2016-05-08,1.0,541.0,568.0,,,,Sunday,False,258,9.02,Lightly Active
2026352035,10685,6.61999988555908,0.0,0.0,0.0,6.59999990463257,0.0,0,0,401,543,1869,2016-05-09,1.0,531.0,556.0,,,,Monday,False,401,8.85,Very Active
2026352035,254,0.159999996423721,0.0,0.0,0.0,0.159999996423721,0.0,0,0,17,1002,1141,2016-05-10,1.0,357.0,380.0,,,,Tuesday,False,17,5.95,Sedentary
2026352035,8580,5.32000017166138,0.0,0.0,0.0,5.32000017166138,0.0,0,0,330,569,1698,2016-05-11,1.0,523.0,553.0,,,,Wednesday,False,330,8.72,Fairly Active
2026352035,8891,5.51000022888184,0.0,0.0,0.0,5.51000022888184,0.0,0,0,343,330,1364,2016-05-12,1.0,456.0,485.0,,,,Thursday,False,343,7.6,Fairly Active
2320127002,10725,7.48999977111816,0.0,1.16999995708466,0.310000002384186,6.01000022888184,0.0,13,9,306,1112,2124,2016-04-12,0.0,,,,,,Tuesday,False,328,,Very Active
2320127002,7275,4.90000009536743,0.0,0.0,0.0,4.90000009536743,0.0,0,0,335,1105,2003,2016-04-13,0.0,,,,,,Wednesday,False,335,,Lightly Active
2320127002,3973,2.6800000667572,0.0,0.0,0.0,2.6800000667572,0.0,0,0,191,1249,1696,2016-04-14,0.0,,,,,,Thursday,False,191,,Sedentary
2320127002,5205,3.50999999046326,0.0,0.0,0.0,3.50999999046326,0.0,0,0,245,1195,1801,2016-04-15,0.0,,,,,,Friday,False,245,,Lightly Active
2320127002,5057,3.41000008583069,0.0,0.0,0.0,3.40000009536743,0.0,0,0,195,1245,1724,2016-04-16,0.0,,,,,,Saturday,False,195,,Lightly Active
2320127002,6198,4.17999982833862,0.0,0.0,0.0,4.17999982833862,0.0,0,0,249,1191,1852,2016-04-17,0.0,,,,,,Sunday,False,249,,Lightly Active
2320127002,6559,4.42000007629395,0.0,0.0,0.259999990463257,4.1399998664856,0.0,0,7,260,1173,1905,2016-04-18,0.0,,,,,,Monday,False,267,,Lightly Active
2320127002,5997,4.03999996185303,0.0,0.0,0.379999995231628,3.66000008583069,0.0,0,11,228,1201,1811,2016-04-19,0.0,,,,,,Tuesday,False,239,,Lightly Active
2320127002,7192,4.84999990463257,0.0,0.0,0.490000009536743,4.34000015258789,0.0,0,11,283,1146,1922,2016-04-20,0.0,,,,,,Wednesday,False,294,,Lightly Active
2320127002,3404,2.28999996185303,0.0,0.0599999986588955,0.419999986886978,1.80999994277954,0.0,1,10,127,1302,1610,2016-04-21,0.0,,,,,,Thursday,False,138,,Sedentary
2320127002,5583,3.75999999046326,0.0,0.0,0.0,3.75999999046326,0.0,0,0,266,1174,1851,2016-04-22,0.0,,,,,,Friday,False,266,,Lightly Active
2320127002,5079,3.42000007629395,0.0,0.0,0.0,3.42000007629395,0.0,0,0,242,1129,1804,2016-04-23,1.0,61.0,69.0,,,,Saturday,False,242,1.02,Lightly Active
2320127002,4165,2.80999994277954,0.0,0.0,0.0,2.79999995231628,0.0,0,0,204,1236,1725,2016-04-24,0.0,,,,,,Sunday,False,204,,Sedentary
2320127002,3588,2.42000007629395,0.0,0.230000004172325,0.200000002980232,1.99000000953674,0.0,3,5,152,1280,1654,2016-04-25,0.0,,,,,,Monday,False,160,,Sedentary
2320127002,3409,2.29999995231628,0.0,0.0,0.0,2.29999995231628,0.0,0,0,147,1293,1632,2016-04-26,0.0,,,,,,Tuesday,False,147,,Sedentary
2320127002,1715,1.1599999666214,0.0,0.0,0.0,1.1599999666214,0.0,0,0,82,1358,1481,2016-04-27,0.0,,,,,,Wednesday,False,82,,Sedentary
2320127002,1532,1.02999997138977,0.0,0.0,0.0,1.02999997138977,0.0,0,0,76,1364,1473,2016-04-28,0.0,,,,,,Thursday,False,76,,Sedentary
2320127002,924,0.620000004768372,0.0,0.0,0.0,0.620000004768372,0.0,0,0,45,1395,1410,2016-04-29,0.0,,,,,,Friday,False,45,,Sedentary
2320127002,4571,3.07999992370605,0.0,0.0,0.0,3.0699999332428,0.0,0,0,234,1206,1779,2016-04-30,0.0,,,,,,Saturday,False,234,,Sedentary
2320127002,772,0.519999980926514,0.0,0.0,0.0,0.519999980926514,0.0,0,0,40,1400,1403,2016-05-01,0.0,,,,,,Sunday,False,40,,Sedentary
2320127002,3634,2.45000004768372,0.0,0.360000014305115,0.209999993443489,1.87999999523163,0.0,5,6,123,1306,1613,2016-05-02,0.0,,,,,,Monday,False,134,,Sedentary
2320127002,7443,5.01999998092651,0.0,1.49000000953674,0.370000004768372,3.16000008583069,0.0,20,10,206,1204,1878,2016-05-03,0.0,,,,,,Tuesday,False,236,,Lightly Active
2320127002,1201,0.810000002384186,0.0,0.0,0.0,0.810000002384186,0.0,0,0,52,1388,1426,2016-05-04,0.0,,,,,,Wednesday,False,52,,Sedentary
2320127002,5202,3.50999999046326,0.0,0.0,0.389999985694885,3.10999989509583,0.0,0,11,223,1206,1780,2016-05-05,0.0,,,,,,Thursday,False,234,,Lightly Active
2320127002,4878,3.28999996185303,0.0,0.0,0.0,3.28999996185303,0.0,0,0,204,1236,1742,2016-05-06,0.0,,,,,,Friday,False,204,,Sedentary
2320127002,7379,4.96999979019165,0.0,0.0,0.0,4.96999979019165,0.0,0,0,319,1121,1972,2016-05-07,0.0,,,,,,Saturday,False,319,,Lightly Active
2320127002,5161,3.48000001907349,0.0,0.0,0.0,3.47000002861023,0.0,0,0,247,1193,1821,2016-05-08,0.0,,,,,,Sunday,False,247,,Lightly Active
2320127002,3090,2.07999992370605,0.0,0.0,0.0,2.07999992370605,0.0,0,0,145,1295,1630,2016-05-09,0.0,,,,,,Monday,False,145,,Sedentary
2320127002,6227,4.19999980926514,0.0,0.0,0.0,4.19999980926514,0.0,0,0,290,1150,1899,2016-05-10,0.0,,,,,,Tuesday,False,290,,Lightly Active
2320127002,6424,4.32999992370605,0.0,0.0,0.0,4.32999992370605,0.0,0,0,300,1140,1903,2016-05-11,0.0,,,,,,Wednesday,False,300,,Lightly Active
2320127002,2661,1.78999996185303,0.0,0.0,0.0,1.78999996185303,0.0,0,0,128,830,1125,2016-05-12,0.0,,,,,,Thursday,False,128,,Sedentary
2347167796,10113,6.82999992370605,0.0,2.0,0.620000004768372,4.19999980926514,0.0,28,13,320,964,2344,2016-04-12,0.0,,,,,,Tuesday,False,361,,Very Active
2347167796,10352,7.01000022888184,0.0,1.6599999666214,1.94000005722046,3.41000008583069,0.0,19,32,195,676,2038,2016-04-13,1.0,467.0,531.0,,,,Wednesday,False,246,7.78,Very Active
2347167796,10129,6.69999980926514,0.0,0.0199999995529652,2.74000000953674,3.94000005722046,0.0,1,48,206,705,2010,2016-04-14,1.0,445.0,489.0,,,,Thursday,False,255,7.42,Very Active
2347167796,10465,6.92000007629395,0.0,0.0700000002980232,1.41999995708466,5.42999982833862,0.0,1,24,284,720,2133,2016-04-15,1.0,452.0,504.0,,,,Friday,False,309,7.53,Very Active
2347167796,22244,15.0799999237061,0.0,5.44999980926514,4.09999990463257,5.53000020980835,0.0,66,72,268,968,2670,2016-04-16,0.0,,,,,,Saturday,False,406,,Very Active
2347167796,5472,3.61999988555908,0.0,0.0799999982118607,0.280000001192093,3.25999999046326,0.0,1,7,249,508,1882,2016-04-17,1.0,556.0,602.0,,,,Sunday,False,257,9.27,Lightly Active
2347167796,8247,5.44999980926514,0.0,0.790000021457672,0.860000014305115,3.78999996185303,0.0,11,16,206,678,1944,2016-04-18,1.0,500.0,557.0,,,,Monday,False,233,8.33,Fairly Active
2347167796,6711,4.44000005722046,0.0,0.0,0.0,4.44000005722046,0.0,0,7,382,648,2346,2016-04-19,1.0,465.0,514.0,,,,Tuesday,False,389,7.75,Lightly Active
2347167796,10999,7.26999998092651,0.0,0.680000007152557,1.80999994277954,4.78000020980835,0.0,11,43,269,1011,2198,2016-04-20,0.0,,,,,,Wednesday,False,323,,Very Active
2347167796,10080,6.75,0.0,1.85000002384186,1.52999997138977,3.38000011444092,0.0,23,26,208,761,2048,2016-04-21,1.0,460.0,484.0,,,,Thursday,False,257,7.67,Very Active
2347167796,7804,5.15999984741211,0.0,0.560000002384186,1.67999994754791,2.92000007629395,0.0,9,27,206,781,1946,2016-04-22,1.0,405.0,461.0,,,,Friday,False,242,6.75,Fairly Active
2347167796,16901,11.3699998855591,0.0,2.77999997138977,1.45000004768372,7.15000009536743,0.0,32,35,360,591,2629,2016-04-23,1.0,374.0,386.0,,,,Saturday,False,427,6.23,Very Active
2347167796,9471,6.26000022888184,0.0,0.0,0.0,6.26000022888184,0.0,0,0,360,584,2187,2016-04-24,1.0,442.0,459.0,,,,Sunday,False,360,7.37,Fairly Active
2347167796,9482,6.38000011444092,0.0,1.26999998092651,0.519999980926514,4.59999990463257,0.0,15,11,277,653,2095,2016-04-25,1.0,433.0,471.0,,,,Monday,False,303,7.22,Fairly Active
2347167796,5980,3.95000004768372,0.0,0.0,0.0,3.95000004768372,0.0,0,0,227,732,1861,2016-04-26,1.0,436.0,490.0,,,,Tuesday,False,227,7.27,Lightly Active
2347167796,11423,7.57999992370605,0.0,1.86000001430511,0.400000005960464,5.32000017166138,0.0,26,9,295,623,2194,2016-04-27,1.0,448.0,499.0,,,,Wednesday,False,330,7.47,Very Active
2347167796,5439,3.59999990463257,0.0,0.0,0.0,3.59999990463257,0.0,0,0,229,764,1854,2016-04-28,1.0,408.0,450.0,,,,Thursday,False,229,6.8,Lightly Active
2347167796,42,0.0299999993294477,0.0,0.0,0.0,0.0299999993294477,0.0,0,0,4,2,403,2016-04-29,1.0,411.0,473.0,,,,Friday,False,4,6.85,Sedentary
2873212765,8796,5.90999984741211,0.0,0.109999999403954,0.930000007152557,4.88000011444092,0.0,2,21,356,1061,1982,2016-04-12,0.0,,,,,,Tuesday,False,379,,Fairly Active
2873212765,7618,5.11999988555908,0.0,0.0,0.219999998807907,4.88000011444092,0.0199999995529652,0,8,404,1028,2004,2016-04-13,0.0,,,,,,Wednesday,False,412,,Fairly Active
2873212765,7910,5.32000017166138,0.0,0.0,0.0,5.32000017166138,0.0,0,0,331,1109,1893,2016-04-14,0.0,,,,,,Thursday,False,331,,Fairly Active
2873212765,8482,5.69999980926514,0.0,0.0,0.0,5.69000005722046,0.0099999997764825,0,0,448,992,2063,2016-04-15,0.0,,,,,,Friday,False,448,,Fairly Active
2873212765,9685,6.65000009536743,0.0,3.10999989509583,0.0199999995529652,3.50999999046326,0.0099999997764825,47,1,305,1087,2148,2016-04-16,0.0,,,,,,Saturday,False,353,,Fairly Active
2873212765,2524,1.70000004768372,0.0,0.0,0.349999994039536,1.3400000333786,0.0,0,8,160,1272,1529,2016-04-17,0.0,,,,,,Sunday,False,168,,Sedentary
2873212765,7762,5.23999977111816,0.0,0.0700000002980232,0.280000001192093,4.8899998664856,0.0,1,6,311,1122,1890,2016-04-18,0.0,,,,,,Monday,False,318,,Fairly Active
2873212765,7948,5.36999988555908,0.0,0.0,0.0,5.3600001335144,0.0,0,0,389,1051,1956,2016-04-19,0.0,,,,,,Tuesday,False,389,,Fairly Active
2873212765,9202,6.30000019073486,0.0,1.50999999046326,0.119999997317791,4.65999984741211,0.0099999997764825,22,5,378,1035,2094,2016-04-20,0.0,,,,,,Wednesday,False,405,,Fairly Active
2873212765,8859,5.98000001907349,0.0,0.129999995231628,0.370000004768372,5.46999979019165,0.0099999997764825,2,10,371,1057,1970,2016-04-21,0.0,,,56.7000007629395,125.002104340889,21.4500007629395,Thursday,False,383,,Fairly Active
2873212765,7286,4.90000009536743,0.0,0.46000000834465,0.0,4.42000007629395,0.0199999995529652,46,0,366,1028,2241,2016-04-22,0.0,,,,,,Friday,False,412,,Lightly Active
2873212765,9317,6.34999990463257,0.0,2.08999991416931,0.230000004172325,4.01999998092651,0.0099999997764825,28,5,330,1077,2021,2016-04-23,0.0,,,,,,Saturday,False,363,,Fairly Active
2873212765,6873,4.67999982833862,0.0,3.0,0.0599999986588955,1.62000000476837,0.0,46,1,190,1203,1898,2016-04-24,0.0,,,,,,Sunday,False,237,,Lightly Active
2873212765,7373,4.94999980926514,0.0,0.0,0.0,4.94999980926514,0.0,0,0,359,1081,1907,2016-04-25,0.0,,,,,,Monday,False,359,,Lightly Active
2873212765,8242,5.53999996185303,0.0,0.119999997317791,0.180000007152557,5.23999977111816,0.0,2,5,309,1124,1882,2016-04-26,0.0,,,,,,Tuesday,False,316,,Fairly Active
2873212765,3516,2.35999989509583,0.0,0.0,0.0,2.35999989509583,0.0,46,0,197,1197,1966,2016-04-27,0.0,,,,,,Wednesday,False,243,,Sedentary
2873212765,7913,5.40999984741211,0.0,2.16000008583069,0.340000003576279,2.91000008583069,0.0,28,7,213,1192,1835,2016-04-28,0.0,,,,,,Thursday,False,248,,Fairly Active
2873212765,7365,4.94999980926514,0.0,1.36000001430511,1.4099999666214,2.1800000667572,0.0,20,23,206,1191,1780,2016-04-29,0.0,,,,,,Friday,False,249,,Lightly Active
2873212765,8452,5.67999982833862,0.0,0.330000013113022,1.08000004291534,4.26000022888184,0.0099999997764825,5,20,248,1167,1830,2016-04-30,0.0,,,,,,Saturday,False,273,,Fairly Active
2873212765,7399,4.96999979019165,0.0,0.490000009536743,1.03999996185303,3.44000005722046,0.0,7,18,196,1219,1739,2016-05-01,0.0,,,,,,Sunday,False,221,,Lightly Active
2873212765,7525,5.05999994277954,0.0,0.0,0.209999993443489,4.82999992370605,0.0199999995529652,0,7,334,1099,1878,2016-05-02,0.0,,,,,,Monday,False,341,,Fairly Active
2873212765,7412,4.98000001907349,0.0,0.0599999986588955,0.25,4.65999984741211,0.0099999997764825,1,6,363,1070,1906,2016-05-03,0.0,,,,,,Tuesday,False,370,,Lightly Active
2873212765,8278,5.55999994277954,0.0,0.0,0.0,5.55999994277954,0.0,0,0,420,1020,2015,2016-05-04,0.0,,,,,,Wednesday,False,420,,Fairly Active
2873212765,8314,5.6100001335144,0.0,0.779999971389771,0.800000011920929,4.03000020980835,0.0,13,23,311,1093,1971,2016-05-05,0.0,,,,,,Thursday,False,347,,Fairly Active
2873212765,7063,4.75,0.0,0.0,0.119999997317791,4.6100001335144,0.0099999997764825,0,5,370,1065,1910,2016-05-06,0.0,,,,,,Friday,False,375,,Lightly Active
2873212765,4940,3.38000011444092,0.0,2.27999997138977,0.550000011920929,0.550000011920929,0.0,75,11,52,1302,1897,2016-05-07,0.0,,,,,,Saturday,False,138,,Sedentary
2873212765,8168,5.53999996185303,0.0,2.90000009536743,0.0,2.64000010490417,0.0,46,0,326,1068,2096,2016-05-08,0.0,,,,,,Sunday,False,372,,Fairly Active
2873212765,7726,5.19000005722046,0.0,0.0,0.0,5.19000005722046,0.0,0,0,345,1095,1906,2016-05-09,0.0,,,,,,Monday,False,345,,Fairly Active
2873212765,8275,5.55999994277954,0.0,0.0,0.0,5.55000019073486,0.0099999997764825,0,0,373,1067,1962,2016-05-10,0.0,,,,,,Tuesday,False,373,,Fairly Active
2873212765,6440,4.32999992370605,0.0,0.0,0.0,4.32000017166138,0.0099999997764825,0,0,319,1121,1826,2016-05-11,0.0,,,,,,Wednesday,False,319,,Lightly Active
2873212765,7566,5.1100001335144,0.0,0.0,0.0,5.1100001335144,0.0,0,0,268,720,1431,2016-05-12,0.0,,,57.2999992370605,126.324874550011,21.6900005340576,Thursday,False,268,,Fairly Active
3372868164,4747,3.24000000953674,0.0,0.0,0.0,3.23000001907349,0.0099999997764825,0,0,280,1160,1788,2016-04-12,0.0,,,,,,Tuesday,False,280,,Sedentary
3372868164,9715,6.63000011444092,0.0,0.990000009536743,0.340000003576279,5.26999998092651,0.0199999995529652,16,8,371,1045,2093,2016-04-13,0.0,,,,,,Wednesday,False,395,,Fairly Active
3372868164,8844,6.03000020980835,0.0,0.340000003576279,1.02999997138977,4.65000009536743,0.0099999997764825,6,25,370,1039,2065,2016-04-14,0.0,,,,,,Thursday,False,401,,Fairly Active
3372868164,7451,5.07999992370605,0.0,0.0,0.0,5.05999994277954,0.0199999995529652,0,0,335,1105,1908,2016-04-15,0.0,,,,,,Friday,False,335,,Lightly Active
3372868164,6905,4.73000001907349,0.0,0.0,0.0,4.69999980926514,0.0299999993294477,0,0,356,1084,1908,2016-04-16,0.0,,,,,,Saturday,False,356,,Lightly Active
3372868164,8199,5.88000011444092,0.0,1.4099999666214,0.100000001490116,4.3600001335144,0.0099999997764825,11,2,322,1105,1964,2016-04-17,0.0,,,,,,Sunday,False,335,,Fairly Active
3372868164,6798,4.6399998664856,0.0,1.08000004291534,0.200000002980232,3.34999990463257,0.0,20,7,343,1070,2014,2016-04-18,0.0,,,,,,Monday,False,370,,Lightly Active
3372868164,7711,5.26000022888184,0.0,0.0,0.0,5.23999977111816,0.0199999995529652,0,0,376,1064,1985,2016-04-19,0.0,,,,,,Tuesday,False,376,,Fairly Active
3372868164,4880,3.32999992370605,0.0,0.839999973773956,0.0900000035762787,2.38000011444092,0.0199999995529652,15,3,274,1148,1867,2016-04-20,0.0,,,,,,Wednesday,False,292,,Sedentary
3372868164,8857,6.07000017166138,0.0,1.14999997615814,0.259999990463257,4.6399998664856,0.0099999997764825,18,9,376,1037,2124,2016-04-21,0.0,,,,,,Thursday,False,403,,Fairly Active
3372868164,3843,2.61999988555908,0.0,0.0,0.0,2.60999989509583,0.0099999997764825,0,0,206,1234,1669,2016-04-22,0.0,,,,,,Friday,False,206,,Sedentary
3372868164,7396,5.07000017166138,0.0,1.39999997615814,0.0799999982118607,3.57999992370605,0.0,20,2,303,1115,1995,2016-04-23,0.0,,,,,,Saturday,False,325,,Lightly Active
3372868164,6731,4.59000015258789,0.0,0.889999985694885,0.189999997615814,3.49000000953674,0.0199999995529652,14,7,292,1127,1921,2016-04-24,0.0,,,,,,Sunday,False,313,,Lightly Active
3372868164,5995,4.09000015258789,0.0,0.0,0.0,4.09000015258789,0.0,0,0,416,1024,2010,2016-04-25,0.0,,,,,,Monday,False,416,,Lightly Active
3372868164,8283,5.78999996185303,0.0,1.85000002384186,0.0500000007450581,3.86999988555908,0.0099999997764825,22,2,333,1083,2057,2016-04-26,0.0,,,,,,Tuesday,False,357,,Fairly Active
3372868164,7904,5.42000007629395,0.0,1.58000004291534,0.629999995231628,3.19000005722046,0.0099999997764825,24,13,346,1057,2095,2016-04-27,0.0,,,,,,Wednesday,False,383,,Fairly Active
3372868164,5512,3.75999999046326,0.0,0.0,0.0,3.75999999046326,0.0,0,0,385,1055,1972,2016-04-28,0.0,,,,,,Thursday,False,385,,Lightly Active
3372868164,9135,6.23000001907349,0.0,0.0,0.0,6.21999979019165,0.0099999997764825,0,0,402,1038,2044,2016-04-29,0.0,,,,,,Friday,False,402,,Fairly Active
3372868164,5250,3.57999992370605,0.0,1.05999994277954,0.0900000035762787,2.42000007629395,0.0099999997764825,17,4,300,1119,1946,2016-04-30,0.0,,,,,,Saturday,False,321,,Lightly Active
3372868164,3077,2.09999990463257,0.0,0.0,0.0,2.08999991416931,0.0,0,0,172,842,1237,2016-05-01,0.0,,,,,,Sunday,False,172,,Sedentary
3977333714,8856,5.98000001907349,0.0,3.05999994277954,0.910000026226044,2.00999999046326,0.0,44,19,131,777,1450,2016-04-12,1.0,274.0,469.0,,,,Tuesday,False,194,4.57,Fairly Active
3977333714,10035,6.71000003814697,0.0,2.02999997138977,2.13000011444092,2.54999995231628,0.0,31,46,153,754,1495,2016-04-13,2.0,295.0,456.0,,,,Wednesday,False,230,4.92,Very Active
3977333714,7641,5.1100001335144,0.0,0.319999992847443,0.970000028610229,3.8199999332428,0.0,5,23,214,801,1433,2016-04-14,1.0,291.0,397.0,,,,Thursday,False,242,4.85,Fairly Active
3977333714,9010,6.05999994277954,0.0,1.04999995231628,1.75,3.25999999046326,0.0,15,42,183,644,1468,2016-04-15,1.0,424.0,556.0,,,,Friday,False,240,7.07,Fairly Active
3977333714,13459,9.0,0.0,2.02999997138977,4.0,2.97000002861023,0.0,31,83,153,663,1625,2016-04-16,1.0,283.0,510.0,,,,Saturday,False,267,4.72,Very Active
3977333714,10415,6.96999979019165,0.0,0.699999988079071,2.34999990463257,3.92000007629395,0.0,11,58,205,600,1529,2016-04-17,1.0,381.0,566.0,,,,Sunday,False,274,6.35,Very Active
3977333714,11663,7.80000019073486,0.0,0.25,3.73000001907349,3.8199999332428,0.0,4,95,214,605,1584,2016-04-18,2.0,412.0,522.0,,,,Monday,False,313,6.87,Very Active
3977333714,12414,8.77999973297119,0.0,2.24000000953674,2.45000004768372,3.96000003814697,0.0,19,67,221,738,1638,2016-04-19,1.0,219.0,395.0,,,,Tuesday,False,307,3.65,Very Active
3977333714,11658,7.82999992370605,0.0,0.200000002980232,4.34999990463257,3.27999997138977,0.0,2,98,164,845,1554,2016-04-20,2.0,152.0,305.0,,,,Wednesday,False,264,2.53,Very Active
3977333714,6093,4.07999992370605,0.0,0.0,0.0,4.05999994277954,0.0,0,0,242,712,1397,2016-04-21,1.0,332.0,512.0,,,,Thursday,False,242,5.53,Lightly Active
3977333714,8911,5.96000003814697,0.0,2.32999992370605,0.579999983310699,3.05999994277954,0.0,33,12,188,731,1481,2016-04-22,1.0,355.0,476.0,,,,Friday,False,233,5.92,Fairly Active
3977333714,12058,8.06999969482422,0.0,0.0,4.21999979019165,3.84999990463257,0.0,0,92,252,724,1638,2016-04-23,1.0,235.0,372.0,,,,Saturday,False,344,3.92,Very Active
3977333714,14112,10.0,0.0,3.26999998092651,4.55999994277954,2.17000007629395,0.0,30,95,129,660,1655,2016-04-24,1.0,310.0,526.0,,,,Sunday,False,254,5.17,Very Active
3977333714,11177,8.47999954223633,0.0,5.61999988555908,0.430000007152557,2.41000008583069,0.0,50,9,133,781,1570,2016-04-25,1.0,262.0,467.0,,,,Monday,False,192,4.37,Very Active
3977333714,11388,7.61999988555908,0.0,0.449999988079071,4.21999979019165,2.95000004768372,0.0,7,95,170,797,1551,2016-04-26,1.0,250.0,371.0,,,,Tuesday,False,272,4.17,Very Active
3977333714,7193,5.03999996185303,0.0,0.0,0.419999986886978,4.61999988555908,0.0,0,10,176,714,1377,2016-04-27,1.0,349.0,540.0,,,,Wednesday,False,186,5.82,Lightly Active
3977333714,7114,4.88000011444092,0.0,1.37000000476837,0.28999999165535,3.22000002861023,0.0,15,8,190,804,1407,2016-04-28,1.0,261.0,423.0,,,,Thursday,False,213,4.35,Lightly Active
3977333714,10645,7.75,0.0,3.74000000953674,1.29999995231628,2.71000003814697,0.0,36,32,150,744,1545,2016-04-29,1.0,333.0,478.0,,,,Friday,False,218,5.55,Very Active
3977333714,13238,9.19999980926514,0.0,3.69000005722046,2.09999990463257,3.41000008583069,0.0,43,52,194,687,1650,2016-04-30,1.0,237.0,382.0,,,,Saturday,False,289,3.95,Very Active
3977333714,10414,7.07000017166138,0.0,2.67000007629395,1.98000001907349,2.41000008583069,0.0,41,40,124,691,1501,2016-05-01,1.0,383.0,626.0,,,,Sunday,False,205,6.38,Very Active
3977333714,16520,11.0500001907349,0.0,1.53999996185303,6.48000001907349,3.01999998092651,0.0,24,143,176,713,1760,2016-05-02,1.0,230.0,384.0,,,,Monday,False,343,3.83,Very Active
3977333714,14335,9.59000015258789,0.0,3.3199999332428,1.74000000953674,4.53000020980835,0.0,47,41,258,594,1710,2016-05-03,1.0,292.0,500.0,,,,Tuesday,False,346,4.87,Very Active
3977333714,13559,9.4399995803833,0.0,1.80999994277954,4.57999992370605,2.89000010490417,0.0,14,96,142,852,1628,2016-05-04,1.0,213.0,336.0,,,,Wednesday,False,252,3.55,Very Active
3977333714,12312,8.57999992370605,0.0,1.75999999046326,4.1100001335144,2.71000003814697,0.0,14,88,178,680,1618,2016-05-05,1.0,318.0,480.0,,,,Thursday,False,280,5.3,Very Active
3977333714,11677,8.27999973297119,0.0,3.10999989509583,2.50999999046326,2.67000007629395,0.0,29,55,168,676,1590,2016-05-06,1.0,323.0,512.0,,,,Friday,False,252,5.38,Very Active
3977333714,11550,7.73000001907349,0.0,0.0,4.13000011444092,3.58999991416931,0.0,0,86,208,703,1574,2016-05-07,1.0,237.0,443.0,,,,Saturday,False,294,3.95,Very Active
3977333714,13585,9.09000015258789,0.0,0.680000007152557,5.23999977111816,3.17000007629395,0.0,9,116,171,688,1633,2016-05-08,2.0,259.0,456.0,,,,Sunday,False,296,4.32,Very Active
3977333714,14687,10.0799999237061,0.0,0.769999980926514,5.59999990463257,3.54999995231628,0.0,8,122,151,1159,1667,2016-05-09,0.0,,,,,,Monday,False,281,,Very Active
3977333714,13072,8.77999973297119,0.0,0.0700000002980232,5.40000009536743,3.30999994277954,0.0,1,115,196,676,1630,2016-05-10,1.0,312.0,452.0,,,,Tuesday,False,312,5.2,Very Active
3977333714,746,0.5,0.0,0.370000004768372,0.0,0.129999995231628,0.0,4,0,9,13,52,2016-05-11,0.0,,,,,,Wednesday,False,13,,Sedentary
4020332650,8539,6.11999988555908,0.0,0.150000005960464,0.239999994635582,5.67999982833862,0.0,4,15,331,712,3654,2016-04-12,1.0,501.0,541.0,,,,Tuesday,False,350,8.35,Fairly Active
4020332650,0,0.0,0.0,0.0,0.0,0.0,0.0,0,0,0,1440,1981,2016-04-13,0.0,,,,,,Wednesday,True,0,,Sedentary
4020332650,108,0.0799999982118607,0.0,0.0,0.0,0.0299999993294477,0.0,0,0,3,1437,2011,2016-04-14,0.0,,,,,,Thursday,False,3,,Sedentary
4020332650,1882,1.35000002384186,0.0,0.209999993443489,0.360000014305115,0.769999980926514,0.0,36,18,87,1299,2951,2016-04-15,0.0,,,,,,Friday,False,141,,Sedentary
4020332650,1982,1.41999995708466,0.0,0.449999988079071,0.370000004768372,0.589999973773956,0.0,65,21,55,1222,3051,2016-04-16,1.0,77.0,77.0,,,,Saturday,False,141,1.28,Sedentary
4020332650,16,0.0099999997764825,0.0,0.0,0.0,0.0099999997764825,0.0,0,0,2,1438,1990,2016-04-17,0.0,,,,,,Sunday,False,2,,Sedentary
4020332650,62,0.0399999991059303,0.0,0.0,0.0,0.0399999991059303,0.0,0,0,2,1438,1995,2016-04-18,0.0,,,,,,Monday,False,2,,Sedentary
4020332650,0,0.0,0.0,0.0,0.0,0.0,0.0,0,0,0,1440,1980,2016-04-19,0.0,,,,,,Tuesday,True,0,,Sedentary
4020332650,0,0.0,0.0,0.0,0.0,0.0,0.0,0,0,0,1440,1980,2016-04-20,0.0,,,,,,Wednesday,True,0,,Sedentary
4020332650,0,0.0,0.0,0.0,0.0,0.0,0.0,0,0,0,1440,1980,2016-04-21,0.0,,,,,,Thursday,True,0,,Sedentary
4020332650,0,0.0,0.0,0.0,0.0,0.0,0.0,0,0,0,1440,1980,2016-04-22,0.0,,,,,,Friday,True,0,,Sedentary
4020332650,0,0.0,0.0,0.0,0.0,0.0,0.0,0,0,0,1440,1980,2016-04-23,0.0,,,,,,Saturday,True,0,,Sedentary
4020332650,0,0.0,0.0,0.0,0.0,0.0,0.0,0,0,0,1440,1980,2016-04-24,0.0,,,,,,Sunday,True,0,,Sedentary
4020332650,0,0.0,0.0,0.0,0.0,0.0,0.0,0,0,0,1440,1980,2016-04-25,0.0,,,,,,Monday,True,0,,Sedentary
4020332650,0,0.0,0.0,0.0,0.0,0.0,0.0,0,0,0,1440,1980,2016-04-26,0.0,,,,,,Tuesday,True,0,,Sedentary
4020332650,0,0.0,0.0,0.0,0.0,0.0,0.0,0,0,0,1440,1980,2016-04-27,0.0,,,,,,Wednesday,True,0,,Sedentary
4020332650,0,0.0,0.0,0.0,0.0,0.0,0.0,0,0,0,1440,1980,2016-04-28,0.0,,,,,,Thursday,True,0,,Sedentary
4020332650,0,0.0,0.0,0.0,0.0,0.0,0.0,0,0,0,1440,1980,2016-04-29,0.0,,,,,,Friday,True,0,,Sedentary
4020332650,0,0.0,0.0,0.0,0.0,0.0,0.0,0,0,0,1440,1980,2016-04-30,0.0,,,,,,Saturday,True,0,,Sedentary
4020332650,0,0.0,0.0,0.0,0.0,0.0,0.0,0,0,0,1440,1980,2016-05-01,0.0,,,,,,Sunday,True,0,,Sedentary
4020332650,475,0.340000003576279,0.0,0.0,0.0399999991059303,0.28999999165535,0.0,0,11,31,1350,2207,2016-05-02,0.0,,,,,,Monday,False,42,,Sedentary
4020332650,4496,3.22000002861023,0.0,0.0,0.0,3.15000009536743,0.0500000007450581,0,0,174,950,2828,2016-05-03,1.0,322.0,332.0,,,,Tuesday,False,174,5.37,Sedentary
4020332650,10252,7.34999990463257,0.0,0.670000016689301,1.03999996185303,5.57999992370605,0.0,13,46,346,531,3879,2016-05-04,1.0,478.0,536.0,,,,Wednesday,False,405,7.97,Very Active
4020332650,11728,8.43000030517578,0.0,2.61999988555908,1.67999994754791,4.03999996185303,0.0700000002980232,38,42,196,916,3429,2016-05-05,1.0,226.0,248.0,,,,Thursday,False,276,3.77,Very Active
4020332650,4369,3.13000011444092,0.0,0.0,0.0,3.09999990463257,0.0099999997764825,0,0,177,855,2704,2016-05-06,1.0,385.0,408.0,,,,Friday,False,177,6.42,Sedentary
4020332650,6132,4.40000009536743,0.0,0.0,0.0,3.57999992370605,0.0,0,0,184,1256,2975,2016-05-07,0.0,,,,,,Saturday,False,184,,Lightly Active
4020332650,5862,4.19999980926514,0.0,0.0,0.0,4.15000009536743,0.0,0,0,263,775,3089,2016-05-08,1.0,364.0,402.0,,,,Sunday,False,263,6.07,Lightly Active
4020332650,4556,3.26999998092651,0.0,0.200000002980232,0.119999997317791,2.94000005722046,0.0,3,5,173,1225,2785,2016-05-09,0.0,,,,,,Monday,False,181,,Sedentary
4020332650,5546,3.98000001907349,0.0,0.0,0.0,3.86999988555908,0.0399999991059303,0,0,206,774,2926,2016-05-10,1.0,442.0,494.0,,,,Tuesday,False,206,7.37,Lightly Active
4020332650,3689,2.65000009536743,0.0,0.109999999403954,0.170000001788139,2.32999992370605,0.0,2,8,134,1296,2645,2016-05-11,0.0,,,,,,Wednesday,False,144,,Sedentary
4020332650,590,0.419999986886978,0.0,0.0,0.0,0.409999996423721,0.0,0,0,21,721,1120,2016-05-12,0.0,,,,,,Thursday,False,21,,Sedentary
4057192912,5394,4.03000020980835,0.0,0.0,0.0,3.94000005722046,0.0,0,0,164,1276,2286,2016-04-12,0.0,,,,,,Tuesday,False,164,,Lightly Active
4057192912,5974,4.46999979019165,0.0,0.0,0.0,4.36999988555908,0.0,0,0,160,1280,2306,2016-04-13,0.0,,,,,,Wednesday,False,160,,Lightly Active
4057192912,0,0.0,0.0,0.0,0.0,0.0,0.0,0,0,0,1440,1776,2016-04-14,0.0,,,,,,Thursday,True,0,,Sedentary
4057192912,3984,2.95000004768372,0.0,0.209999993443489,0.259999990463257,2.44000005722046,0.0,3,6,88,873,1527,2016-04-15,0.0,,,,,,Friday,False,97,,Sedentary
4319703577,7753,5.19999980926514,0.0,0.0,0.0,0.0,0.0,0,0,0,1440,2115,2016-04-12,0.0,,,,,,Tuesday,False,0,,Fairly Active
4319703577,8204,5.5,0.0,0.529999971389771,0.589999973773956,1.30999994277954,0.0,8,15,96,1234,2135,2016-04-13,0.0,,,,,,Wednesday,False,119,,Fairly Active
4319703577,10210,6.88000011444092,0.0,0.109999999403954,0.330000013113022,6.44000005722046,0.0,1,9,339,589,2302,2016-04-14,1.0,535.0,557.0,,,,Thursday,False,349,8.92,Very Active
4319703577,5664,3.79999995231628,0.0,0.0,0.0,3.79999995231628,0.0,0,0,228,752,1985,2016-04-15,1.0,465.0,491.0,,,,Friday,False,228,7.75,Lightly Active
4319703577,4744,3.1800000667572,0.0,0.0,0.0,3.1800000667572,0.0,0,0,194,724,1884,2016-04-16,1.0,506.0,522.0,,,,Saturday,False,194,8.43,Sedentary
4319703577,29,0.0199999995529652,0.0,0.0,0.0,0.0199999995529652,0.0,0,0,3,1363,1464,2016-04-17,0.0,,,72.4000015258789,159.614681185927,27.4500007629395,Sunday,False,3,,Sedentary
4319703577,2276,1.54999995231628,0.0,0.0700000002980232,0.330000013113022,1.12000000476837,0.0,1,9,58,824,1632,2016-04-18,1.0,515.0,551.0,,,,Monday,False,68,8.58,Sedentary
4319703577,8925,5.98999977111816,0.0,0.0,0.0,5.98999977111816,0.0,0,0,311,604,2200,2016-04-19,2.0,461.0,498.0,,,,Tuesday,False,311,7.68,Fairly Active
4319703577,8954,6.01000022888184,0.0,0.0,0.680000007152557,5.30999994277954,0.0,0,18,306,671,2220,2016-04-20,1.0,523.0,543.0,,,,Wednesday,False,324,8.72,Fairly Active
4319703577,3702,2.48000001907349,0.0,0.0,0.0,0.349999994039536,0.0,0,0,34,1265,1792,2016-04-21,1.0,59.0,65.0,,,,Thursday,False,34,0.98,Sedentary
4319703577,4500,3.01999998092651,0.0,0.0599999986588955,0.810000002384186,2.15000009536743,0.0,1,19,176,709,1886,2016-04-22,1.0,533.0,550.0,,,,Friday,False,196,8.88,Sedentary
4319703577,4935,3.30999994277954,0.0,0.0,0.0,3.30999994277954,0.0,0,0,233,546,1945,2016-04-23,1.0,692.0,722.0,,,,Saturday,False,233,11.53,Sedentary
4319703577,4081,2.74000000953674,0.0,0.0599999986588955,0.200000002980232,2.47000002861023,0.0,1,5,191,692,1880,2016-04-24,1.0,467.0,501.0,,,,Sunday,False,197,7.78,Sedentary
4319703577,9259,6.21000003814697,0.0,0.0,0.280000001192093,5.92999982833862,0.0,0,8,390,544,2314,2016-04-25,1.0,488.0,506.0,,,,Monday,False,398,8.13,Fairly Active
4319703577,9899,6.6399998664856,0.0,0.569999992847443,0.920000016689301,5.15000009536743,0.0,8,21,288,649,2236,2016-04-26,1.0,505.0,516.0,,,,Tuesday,False,317,8.42,Fairly Active
4319703577,10780,7.23000001907349,0.0,0.409999996423721,1.91999995708466,4.90999984741211,0.0,6,47,300,680,2324,2016-04-27,1.0,286.0,307.0,,,,Wednesday,False,353,4.77,Very Active
4319703577,10817,7.28000020980835,0.0,1.00999999046326,0.330000013113022,5.94000005722046,0.0,13,8,359,552,2367,2016-04-28,1.0,497.0,522.0,,,,Thursday,False,380,8.28,Very Active
4319703577,7990,5.3600001335144,0.0,0.449999988079071,0.790000021457672,4.11999988555908,0.0,6,18,289,624,2175,2016-04-29,1.0,523.0,546.0,,,,Friday,False,313,8.72,Fairly Active
4319703577,8221,5.51999998092651,0.0,0.400000005960464,1.61000001430511,3.50999999046326,0.0,6,38,196,695,2092,2016-04-30,1.0,490.0,516.0,,,,Saturday,False,240,8.17,Fairly Active
4319703577,1251,0.839999973773956,0.0,0.0,0.0,0.839999973773956,0.0,0,0,67,836,1593,2016-05-01,1.0,484.0,500.0,,,,Sunday,False,67,8.07,Sedentary
4319703577,9261,6.23999977111816,0.0,0.0,0.439999997615814,5.71000003814697,0.0,0,11,344,585,2270,2016-05-02,1.0,478.0,506.0,,,,Monday,False,355,7.97,Fairly Active
4319703577,9648,6.46999979019165,0.0,0.579999983310699,1.07000005245209,4.82999992370605,0.0,8,26,287,669,2235,2016-05-03,1.0,474.0,512.0,,,,Tuesday,False,321,7.9,Fairly Active
4319703577,10429,7.01999998092651,0.0,0.589999973773956,0.579999983310699,5.84999990463257,0.0,8,13,313,1106,2282,2016-05-04,0.0,,,72.3000030517578,159.394222287729,27.3799991607666,Wednesday,False,334,,Very Active
4319703577,13658,9.48999977111816,0.0,2.63000011444092,1.4099999666214,5.44999980926514,0.0,27,34,328,957,2530,2016-05-05,0.0,,,,,,Thursday,False,389,,Very Active
4319703577,9524,6.42000007629395,0.0,0.409999996423721,0.469999998807907,5.46000003814697,0.0,6,11,314,692,2266,2016-05-06,1.0,450.0,491.0,,,,Friday,False,331,7.5,Fairly Active
4319703577,7937,5.32999992370605,0.0,0.189999997615814,1.04999995231628,4.07999992370605,0.0,3,28,279,586,2158,2016-05-07,1.0,507.0,530.0,,,,Saturday,False,310,8.45,Fairly Active
4319703577,3672,2.46000003814697,0.0,0.0,0.0,2.46000003814697,0.0,0,0,153,603,1792,2016-05-08,1.0,602.0,638.0,,,,Sunday,False,153,10.03,Sedentary
4319703577,10378,6.96000003814697,0.0,0.140000000596046,0.560000002384186,6.25,0.0,2,14,374,490,2345,2016-05-09,1.0,535.0,565.0,,,,Monday,False,390,8.92,Very Active
4319703577,9487,6.36999988555908,0.0,0.209999993443489,0.46000000834465,5.69999980926514,0.0,3,12,329,555,2260,2016-05-10,1.0,487.0,517.0,,,,Tuesday,False,344,8.12,Fairly Active
4319703577,9129,6.13000011444092,0.0,0.200000002980232,0.740000009536743,5.17999982833862,0.0,3,18,311,574,2232,2016-05-11,1.0,529.0,558.0,,,,Wednesday,False,332,8.82,Fairly Active
4319703577,17,0.0099999997764825,0.0,0.0,0.0,0.0099999997764825,0.0,0,0,2,0,257,2016-05-12,1.0,302.0,321.0,,,,Thursday,False,2,5.03,Sedentary
4388161847,10122,7.78000020980835,0.0,0.0,0.0,0.0,0.0,0,0,0,1440,2955,2016-04-12,0.0,,,,,,Tuesday,False,0,,Very Active
4388161847,10993,8.44999980926514,0.0,0.0599999986588955,0.629999995231628,3.88000011444092,0.0,1,14,150,1275,3092,2016-04-13,0.0,,,,,,Wednesday,False,165,,Very Active
4388161847,8863,6.82000017166138,0.0,0.129999995231628,1.07000005245209,5.61999988555908,0.0,10,35,219,945,2998,2016-04-14,0.0,,,,,,Thursday,False,264,,Fairly Active
4388161847,8758,6.73000001907349,0.0,0.0,0.0,6.73000001907349,0.0,0,0,299,837,3066,2016-04-15,1.0,499.0,526.0,,,,Friday,False,299,8.32,Fairly Active
4388161847,6580,5.05999994277954,0.0,0.209999993443489,0.400000005960464,4.44999980926514,0.0,6,9,253,609,3073,2016-04-16,2.0,426.0,448.0,,,,Saturday,False,268,7.1,Lightly Active
4388161847,4660,3.57999992370605,0.0,0.0,0.0,3.57999992370605,0.0,0,0,201,721,2572,2016-04-17,2.0,619.0,641.0,,,,Sunday,False,201,10.32,Sedentary
4388161847,11009,9.10000038146973,0.0,3.55999994277954,0.400000005960464,5.1399998664856,0.0,27,8,239,1017,3274,2016-04-18,1.0,99.0,104.0,,,,Monday,False,274,1.65,Very Active
4388161847,10181,7.82999992370605,0.0,1.37000000476837,0.689999997615814,5.76999998092651,0.0,20,16,249,704,3015,2016-04-19,1.0,329.0,338.0,,,,Tuesday,False,285,5.48,Very Active
4388161847,10553,8.11999988555908,0.0,1.10000002384186,1.72000002861023,5.28999996185303,0.0,19,42,228,696,3083,2016-04-20,1.0,421.0,451.0,,,,Wednesday,False,289,7.02,Very Active
4388161847,10055,7.73000001907349,0.0,0.370000004768372,0.389999985694885,6.98000001907349,0.0,7,12,272,853,3069,2016-04-21,1.0,442.0,458.0,,,,Thursday,False,291,7.37,Very Active
4388161847,12139,9.34000015258789,0.0,3.29999995231628,1.11000001430511,4.92000007629395,0.0,77,25,220,945,3544,2016-04-22,1.0,82.0,85.0,,,,Friday,False,322,1.37,Very Active
4388161847,13236,10.1800003051758,0.0,4.5,0.319999992847443,5.34999990463257,0.0,58,5,215,749,3306,2016-04-23,1.0,478.0,501.0,,,,Saturday,False,278,7.97,Very Active
4388161847,10243,7.88000011444092,0.0,1.08000004291534,0.509999990463257,6.30000019073486,0.0,14,8,239,584,2885,2016-04-24,3.0,552.0,595.0,,,,Sunday,False,261,9.2,Very Active
4388161847,12961,9.97000026702881,0.0,0.730000019073486,1.39999997615814,7.84000015258789,0.0,11,31,301,1054,3288,2016-04-25,0.0,,,,,,Monday,False,343,,Very Active
4388161847,9461,7.28000020980835,0.0,0.939999997615814,1.05999994277954,5.26999998092651,0.0,14,23,224,673,2929,2016-04-26,1.0,319.0,346.0,,,,Tuesday,False,261,5.32,Fairly Active
4388161847,11193,8.60999965667725,0.0,0.699999988079071,2.50999999046326,5.3899998664856,0.0,11,48,241,684,3074,2016-04-27,1.0,439.0,500.0,,,,Wednesday,False,300,7.32,Very Active
4388161847,10074,7.75,0.0,1.28999996185303,0.430000007152557,6.03000020980835,0.0,19,9,234,878,2969,2016-04-28,1.0,428.0,458.0,,,,Thursday,False,262,7.13,Very Active
4388161847,9232,7.09999990463257,0.0,0.800000011920929,0.889999985694885,5.42000007629395,0.0,13,16,236,1175,2979,2016-04-29,0.0,,,,,,Friday,False,265,,Fairly Active
4388161847,12533,9.64000034332275,0.0,0.699999988079071,2.0,6.94000005722046,0.0,14,43,300,537,3283,2016-04-30,2.0,409.0,430.0,,,,Saturday,False,357,6.82,Very Active
4388161847,10255,7.8899998664856,0.0,1.00999999046326,0.680000007152557,6.19999980926514,0.0,12,15,241,579,2926,2016-05-01,1.0,547.0,597.0,,,,Sunday,False,268,9.12,Very Active
4388161847,10096,8.39999961853027,0.0,3.76999998092651,0.0799999982118607,4.55000019073486,0.0,33,4,204,935,3147,2016-05-02,2.0,368.0,376.0,,,,Monday,False,241,6.13,Very Active
4388161847,12727,9.78999996185303,0.0,1.12999999523163,0.779999971389771,7.88000011444092,0.0,18,18,306,984,3290,2016-05-03,0.0,,,,,,Tuesday,False,342,,Very Active
4388161847,12375,9.52000045776367,0.0,2.78999996185303,0.930000007152557,5.80000019073486,0.0,35,21,251,632,3162,2016-05-04,1.0,390.0,414.0,,,,Wednesday,False,307,6.5,Very Active
4388161847,9603,7.38000011444092,0.0,0.629999995231628,1.66999995708466,5.09000015258789,0.0,12,39,199,896,2899,2016-05-05,1.0,471.0,495.0,,,,Thursday,False,250,7.85,Fairly Active
4388161847,13175,10.1300001144409,0.0,2.10999989509583,2.08999991416931,5.92999982833862,0.0,33,45,262,1100,3425,2016-05-06,0.0,,,,,,Friday,False,340,,Very Active
4388161847,22770,17.5400009155273,0.0,9.44999980926514,2.76999998092651,5.32999992370605,0.0,120,56,260,508,4022,2016-05-07,1.0,472.0,496.0,,,,Saturday,False,436,7.87,Very Active
4388161847,17298,14.3800001144409,0.0,9.89000034332275,1.25999999046326,3.23000001907349,0.0,107,38,178,576,3934,2016-05-08,2.0,529.0,541.0,,,,Sunday,False,323,8.82,Very Active
4388161847,10218,7.8600001335144,0.0,0.340000003576279,0.730000019073486,6.78999996185303,0.0,6,19,258,1020,3013,2016-05-09,1.0,62.0,65.0,,,,Monday,False,283,1.03,Very Active
4388161847,10299,7.92000007629395,0.0,0.810000002384186,0.649999976158142,6.46000003814697,0.0,13,14,267,648,3061,2016-05-10,1.0,354.0,375.0,,,,Tuesday,False,294,5.9,Very Active
4388161847,10201,7.84000015258789,0.0,0.529999971389771,0.790000021457672,6.53000020980835,0.0,8,18,256,858,2954,2016-05-11,1.0,469.0,494.0,,,,Wednesday,False,282,7.82,Very Active
4388161847,3369,2.58999991416931,0.0,0.0,0.0,2.58999991416931,0.0,0,0,108,825,1623,2016-05-12,0.0,,,,,,Thursday,False,108,,Sedentary
4445114986,3276,2.20000004768372,0.0,0.0,0.0,2.20000004768372,0.0,0,0,196,787,2113,2016-04-12,2.0,429.0,457.0,,,,Tuesday,False,196,7.15,Sedentary
4445114986,2961,1.99000000953674,0.0,0.0,0.0,1.99000000953674,0.0,0,0,194,840,2095,2016-04-13,2.0,370.0,406.0,,,,Wednesday,False,194,6.17,Sedentary
4445114986,3974,2.67000007629395,0.0,0.0,0.0,2.67000007629395,0.0,0,0,231,717,2194,2016-04-14,1.0,441.0,492.0,,,,Thursday,False,231,7.35,Sedentary
4445114986,7198,4.82999992370605,0.0,0.0,0.0,4.82999992370605,0.0,0,0,350,711,2496,2016-04-15,2.0,337.0,379.0,,,,Friday,False,350,5.62,Lightly Active
4445114986,3945,2.65000009536743,0.0,0.0,0.0,2.65000009536743,0.0,0,0,225,716,2180,2016-04-16,1.0,462.0,499.0,,,,Saturday,False,225,7.7,Sedentary
4445114986,2268,1.51999998092651,0.0,0.0,0.0,1.51999998092651,0.0,0,0,114,1219,1933,2016-04-17,1.0,98.0,107.0,,,,Sunday,False,114,1.63,Sedentary
4445114986,6155,4.23999977111816,0.0,2.0,0.28999999165535,1.95000004768372,0.0,25,6,162,1247,2248,2016-04-18,0.0,,,,,,Monday,False,193,,Lightly Active
4445114986,2064,1.38999998569489,0.0,0.0,0.0,1.38999998569489,0.0,0,0,121,895,1954,2016-04-19,2.0,388.0,424.0,,,,Tuesday,False,121,6.47,Sedentary
4445114986,2072,1.38999998569489,0.0,0.0,0.0,1.38999998569489,0.0,0,0,137,841,1974,2016-04-20,1.0,439.0,462.0,,,,Wednesday,False,137,7.32,Sedentary
4445114986,3809,2.55999994277954,0.0,0.0,0.0,2.53999996185303,0.0,0,0,215,756,2150,2016-04-21,1.0,436.0,469.0,,,,Thursday,False,215,7.27,Sedentary
4445114986,6831,4.57999992370605,0.0,0.0,0.0,4.57999992370605,0.0,0,0,317,706,2432,2016-04-22,1.0,388.0,417.0,,,,Friday,False,317,6.47,Lightly Active
4445114986,4363,2.9300000667572,0.0,0.0,0.0,2.9300000667572,0.0,0,0,201,1239,2149,2016-04-23,0.0,,,,,,Saturday,False,201,,Sedentary
4445114986,5002,3.35999989509583,0.0,0.0,0.0,3.35999989509583,0.0,0,0,244,1196,2247,2016-04-24,0.0,,,,,,Sunday,False,244,,Lightly Active
4445114986,3385,2.26999998092651,0.0,0.0,0.0,2.26999998092651,0.0,0,0,179,916,2070,2016-04-25,1.0,328.0,345.0,,,,Monday,False,179,5.47,Sedentary
4445114986,6326,4.40999984741211,0.0,2.41000008583069,0.0399999991059303,1.96000003814697,0.0,29,1,180,839,2291,2016-04-26,2.0,353.0,391.0,,,,Tuesday,False,210,5.88,Lightly Active
4445114986,7243,5.03000020980835,0.0,2.61999988555908,0.0299999993294477,2.38000011444092,0.0,32,1,194,839,2361,2016-04-27,1.0,332.0,374.0,,,,Wednesday,False,227,5.53,Lightly Active
4445114986,4493,3.00999999046326,0.0,0.0,0.0,3.00999999046326,0.0,0,0,236,762,2203,2016-04-28,1.0,419.0,442.0,,,,Thursday,False,236,6.98,Sedentary
4445114986,4676,3.14000010490417,0.0,0.0,0.0,3.13000011444092,0.0,0,0,226,1106,2196,2016-04-29,1.0,106.0,108.0,,,,Friday,False,226,1.77,Sedentary
4445114986,6222,4.17999982833862,0.0,0.0,0.0,4.17999982833862,0.0,0,0,290,797,2363,2016-04-30,1.0,322.0,353.0,,,,Saturday,False,290,5.37,Lightly Active
4445114986,5232,3.50999999046326,0.0,0.0,0.0,3.50999999046326,0.0,0,0,240,741,2246,2016-05-01,2.0,439.0,459.0,,,,Sunday,False,240,7.32,Lightly Active
4445114986,6910,4.75,0.0,2.21000003814697,0.189999997615814,2.34999990463257,0.0,27,4,200,667,2336,2016-05-02,1.0,502.0,542.0,,,,Monday,False,231,8.37,Lightly Active
4445114986,7502,5.17999982833862,0.0,2.48000001907349,0.109999999403954,2.57999992370605,0.0,30,2,233,725,2421,2016-05-03,2.0,417.0,450.0,,,,Tuesday,False,265,6.95,Fairly Active
4445114986,2923,1.96000003814697,0.0,0.0,0.0,1.96000003814697,0.0,0,0,180,897,2070,2016-05-04,2.0,337.0,363.0,,,,Wednesday,False,180,5.62,Sedentary
4445114986,3800,2.54999995231628,0.0,0.119999997317791,0.239999994635582,2.1800000667572,0.0,2,6,185,734,2120,2016-05-05,2.0,462.0,513.0,,,,Thursday,False,193,7.7,Sedentary
4445114986,4514,3.02999997138977,0.0,0.0,0.0,3.02999997138977,0.0,0,0,229,809,2211,2016-05-06,2.0,374.0,402.0,,,,Friday,False,229,6.23,Sedentary
4445114986,5183,3.58999991416931,0.0,2.13000011444092,0.189999997615814,1.25,0.0,26,4,108,866,2123,2016-05-07,2.0,401.0,436.0,,,,Saturday,False,138,6.68,Lightly Active
4445114986,7303,4.90000009536743,0.0,0.0,0.25,4.65000009536743,0.0,0,8,308,733,2423,2016-05-08,1.0,361.0,391.0,,,,Sunday,False,316,6.02,Lightly Active
4445114986,5275,3.53999996185303,0.0,0.0,0.0,3.53999996185303,0.0,0,0,266,641,2281,2016-05-09,1.0,457.0,533.0,,,,Monday,False,266,7.62,Lightly Active
4445114986,3915,2.63000011444092,0.0,0.0,0.0,2.63000011444092,0.0,0,0,231,783,2181,2016-05-10,1.0,405.0,426.0,,,,Tuesday,False,231,6.75,Sedentary
4445114986,9105,6.1100001335144,0.0,2.25,1.0,2.85999989509583,0.0,34,22,232,622,2499,2016-05-11,1.0,499.0,530.0,,,,Wednesday,False,288,8.32,Fairly Active
4445114986,768,0.519999980926514,0.0,0.0,0.0,0.519999980926514,0.0,0,0,58,380,1212,2016-05-12,1.0,483.0,501.0,,,,Thursday,False,58,8.05,Sedentary
4558609924,5135,3.39000010490417,0.0,0.0,0.0,3.39000010490417,0.0,0,0,318,1122,1909,2016-04-12,0.0,,,,,,Tuesday,False,318,,Lightly Active
4558609924,4978,3.28999996185303,0.0,1.24000000953674,0.439999997615814,1.61000001430511,0.0,19,7,127,1287,1722,2016-04-13,0.0,,,,,,Wednesday,False,153,,Sedentary
4558609924,6799,4.48999977111816,0.0,0.0,0.0,4.48999977111816,0.0,0,0,279,1161,1922,2016-04-14,0.0,,,,,,Thursday,False,279,,Lightly Active
4558609924,7795,5.15000009536743,0.0,0.589999973773956,0.839999973773956,3.73000001907349,0.0,17,30,262,1131,2121,2016-04-15,0.0,,,,,,Friday,False,309,,Fairly Active
4558609924,7289,4.82000017166138,0.0,0.550000011920929,0.75,3.5,0.0,8,12,308,1112,1997,2016-04-16,0.0,,,,,,Saturday,False,328,,Lightly Active
4558609924,9634,6.40000009536743,0.0,0.550000011920929,1.13999998569489,4.71000003814697,0.0,7,19,304,1110,2117,2016-04-17,0.0,,,,,,Sunday,False,330,,Fairly Active
4558609924,8940,5.90999984741211,0.0,0.980000019073486,0.930000007152557,4.0,0.0,14,15,331,1080,2116,2016-04-18,0.0,,,69.6999969482422,153.662190014971,27.25,Monday,False,360,,Fairly Active
4558609924,5401,3.5699999332428,0.0,0.0500000007450581,0.360000014305115,3.16000008583069,0.0,1,9,248,1182,1876,2016-04-19,0.0,,,,,,Tuesday,False,258,,Lightly Active
4558609924,4803,3.17000007629395,0.0,0.0,0.0,3.17000007629395,0.0,0,0,222,1218,1788,2016-04-20,0.0,,,,,,Wednesday,False,222,,Sedentary
4558609924,13743,9.07999992370605,0.0,0.419999986886978,0.970000028610229,7.69999980926514,0.0,6,21,432,844,2486,2016-04-21,1.0,126.0,137.0,,,,Thursday,False,459,2.1,Very Active
4558609924,9601,6.34999990463257,0.0,1.37000000476837,1.5,3.47000002861023,0.0,20,25,273,1122,2094,2016-04-22,0.0,,,,,,Friday,False,318,,Fairly Active
4558609924,6890,4.55000019073486,0.0,0.340000003576279,0.200000002980232,4.01000022888184,0.0,5,5,308,1122,2085,2016-04-23,0.0,,,,,,Saturday,False,318,,Lightly Active
4558609924,8563,5.65999984741211,0.0,0.0,0.0,5.65000009536743,0.0,0,0,395,1045,2173,2016-04-24,0.0,,,,,,Sunday,False,395,,Fairly Active
4558609924,8095,5.34999990463257,0.0,0.589999973773956,0.25,4.51000022888184,0.0,18,10,340,993,2225,2016-04-25,0.0,,,70.3000030517578,154.984977044029,27.4599990844727,Monday,False,368,,Fairly Active
4558609924,9148,6.05000019073486,0.0,0.430000007152557,2.02999997138977,3.58999991416931,0.0,12,41,283,1062,2223,2016-04-26,1.0,103.0,121.0,,,,Tuesday,False,336,1.72,Fairly Active
4558609924,9557,6.32000017166138,0.0,1.96000003814697,0.889999985694885,3.46000003814697,0.0,27,14,312,1087,2098,2016-04-27,0.0,,,,,,Wednesday,False,353,,Fairly Active
4558609924,9451,6.25,0.0,0.0199999995529652,0.270000010728836,5.94999980926514,0.0,1,11,367,985,2185,2016-04-28,0.0,,,,,,Thursday,False,379,,Fairly Active
4558609924,7833,5.17999982833862,0.0,1.01999998092651,1.85000002384186,2.30999994277954,0.0,15,29,197,1096,1918,2016-04-29,1.0,171.0,179.0,,,,Friday,False,241,2.85,Fairly Active
4558609924,10319,6.82000017166138,0.0,0.469999998807907,1.88999998569489,4.46000003814697,0.0,7,29,293,1111,2105,2016-04-30,0.0,,,,,,Saturday,False,329,,Very Active
4558609924,3428,2.26999998092651,0.0,0.0,0.0,2.26999998092651,0.0,0,0,190,1121,1692,2016-05-01,1.0,115.0,129.0,69.9000015258789,154.103124631302,27.3199996948242,Sunday,False,190,1.92,Sedentary
4558609924,7891,5.21999979019165,0.0,0.0,0.0,5.21999979019165,0.0,0,0,383,1057,2066,2016-05-02,0.0,,,69.1999969482422,152.559878704046,27.0400009155273,Monday,False,383,,Fairly Active
4558609924,5267,3.48000001907349,0.0,0.600000023841858,0.280000001192093,2.59999990463257,0.0,21,10,237,1172,1953,2016-05-03,0.0,,,,,,Tuesday,False,268,,Lightly Active
4558609924,5232,3.46000003814697,0.0,0.0,0.0,3.46000003814697,0.0,0,0,252,1188,1842,2016-05-04,0.0,,,,,,Wednesday,False,252,,Lightly Active
4558609924,10611,7.01000022888184,0.0,1.00999999046326,0.5,5.51000022888184,0.0,14,8,370,1048,2262,2016-05-05,0.0,,,,,,Thursday,False,392,,Very Active
4558609924,3755,2.48000001907349,0.0,0.0,0.0,2.48000001907349,0.0,0,0,202,1238,1722,2016-05-06,0.0,,,,,,Friday,False,202,,Sedentary
4558609924,8237,5.44000005722046,0.0,1.61000001430511,1.0,2.82999992370605,0.0,23,16,233,1116,1973,2016-05-07,0.0,,,,,,Saturday,False,272,,Fairly Active
4558609924,6543,4.32999992370605,0.0,1.79999995231628,0.5,2.01999998092651,0.0,66,35,238,1019,2666,2016-05-08,1.0,123.0,134.0,,,,Sunday,False,339,2.05,Lightly Active
4558609924,11451,7.57000017166138,0.0,0.430000007152557,1.62000000476837,5.51999998092651,0.0,6,30,339,1065,2223,2016-05-09,0.0,,,69.0999984741211,152.339419805848,27.0,Monday,False,375,,Very Active
4558609924,6435,4.25,0.0,0.740000009536743,1.12000000476837,2.39000010490417,0.0,11,18,220,1191,1889,2016-05-10,0.0,,,,,,Tuesday,False,249,,Lightly Active
4558609924,9108,6.01999998092651,0.0,0.259999990463257,1.82000005245209,3.94000005722046,0.0,4,31,324,1081,2131,2016-05-11,0.0,,,,,,Wednesday,False,359,,Fairly Active
4558609924,6307,4.17000007629395,0.0,0.0,0.0,4.17000007629395,0.0,0,0,247,736,1452,2016-05-12,0.0,,,,,,Thursday,False,247,,Lightly Active
4702921684,7213,5.88000011444092,0.0,0.0,0.0,5.84999990463257,0.0,0,0,263,718,2947,2016-04-12,1.0,425.0,439.0,,,,Tuesday,False,263,7.08,Lightly Active
4702921684,6877,5.57999992370605,0.0,0.0,0.0,5.57999992370605,0.0,0,0,258,777,2898,2016-04-13,2.0,400.0,430.0,,,,Wednesday,False,258,6.67,Lightly Active
4702921684,7860,6.36999988555908,0.0,0.0,0.0,6.36999988555908,0.0,0,0,271,772,2984,2016-04-14,1.0,384.0,415.0,,,,Thursday,False,271,6.4,Fairly Active
4702921684,6506,5.28000020980835,0.0,0.0700000002980232,0.419999986886978,4.78999996185303,0.0,1,8,256,944,2896,2016-04-15,1.0,253.0,257.0,,,,Friday,False,265,4.22,Lightly Active
4702921684,11140,9.02999973297119,0.0,0.239999994635582,1.25,7.53999996185303,0.0,3,24,335,556,3328,2016-04-16,2.0,382.0,406.0,,,,Saturday,False,362,6.37,Very Active
4702921684,12692,10.289999961853,0.0,0.959999978542328,3.46000003814697,5.88000011444092,0.0,12,66,302,437,3394,2016-04-17,1.0,591.0,612.0,,,,Sunday,False,380,9.85,Very Active
4702921684,9105,7.38000011444092,0.0,1.82000005245209,1.49000000953674,4.07000017166138,0.0,22,30,191,890,3013,2016-04-18,1.0,293.0,312.0,,,,Monday,False,243,4.88,Fairly Active
4702921684,6708,5.44000005722046,0.0,0.879999995231628,0.370000004768372,4.19000005722046,0.0,10,8,179,757,2812,2016-04-19,1.0,457.0,487.0,,,,Tuesday,False,197,7.62,Lightly Active
4702921684,8793,7.13000011444092,0.0,0.159999996423721,1.23000001907349,5.73000001907349,0.0,2,29,260,717,3061,2016-04-20,1.0,454.0,468.0,,,,Wednesday,False,291,7.57,Fairly Active
4702921684,6530,5.30000019073486,0.0,0.310000002384186,2.04999995231628,2.94000005722046,0.0,4,41,144,901,2729,2016-04-21,1.0,425.0,434.0,,,,Thursday,False,189,7.08,Lightly Active
4702921684,1664,1.35000002384186,0.0,0.0,0.0,1.35000002384186,0.0,0,0,72,1341,2241,2016-04-22,0.0,,,,,,Friday,False,72,,Sedentary
4702921684,15126,12.2700004577637,0.0,0.759999990463257,3.24000000953674,8.27000045776367,0.0,9,66,408,469,3691,2016-04-23,1.0,465.0,475.0,,,,Saturday,False,483,7.75,Very Active
4702921684,15050,12.2200002670288,0.0,1.20000004768372,5.11999988555908,5.88000011444092,0.0,15,95,281,542,3538,2016-04-24,1.0,480.0,506.0,,,,Sunday,False,391,8.0,Very Active
4702921684,9167,7.42999982833862,0.0,0.490000009536743,0.819999992847443,6.1100001335144,0.0,6,15,270,730,3064,2016-04-25,1.0,370.0,380.0,,,,Monday,False,291,6.17,Fairly Active
4702921684,6108,4.94999980926514,0.0,0.0700000002980232,0.349999994039536,4.53999996185303,0.0,1,8,216,765,2784,2016-04-26,1.0,421.0,429.0,,,,Tuesday,False,225,7.02,Lightly Active
4702921684,7047,5.71999979019165,0.0,0.0900000035762787,0.800000011920929,4.78000020980835,0.0,1,16,238,733,2908,2016-04-27,1.0,432.0,449.0,,,,Wednesday,False,255,7.2,Lightly Active
4702921684,9023,7.32000017166138,0.0,1.12999999523163,0.419999986886978,5.76999998092651,0.0,14,9,232,738,3033,2016-04-28,1.0,442.0,461.0,,,,Thursday,False,255,7.37,Fairly Active
4702921684,9930,8.05000019073486,0.0,1.05999994277954,0.920000016689301,6.07000017166138,0.0,12,19,267,692,3165,2016-04-29,1.0,433.0,447.0,,,,Friday,False,298,7.22,Fairly Active
4702921684,10144,8.22999954223633,0.0,0.319999992847443,2.02999997138977,5.88000011444092,0.0,4,36,263,728,3115,2016-04-30,1.0,479.0,501.0,,,,Saturday,False,303,7.98,Very Active
4702921684,0,0.0,0.0,0.0,0.0,0.0,0.0,0,0,0,1440,2017,2016-05-01,0.0,,,,,,Sunday,True,0,,Sedentary
4702921684,7245,5.92000007629395,0.0,0.379999995231628,1.74000000953674,3.75999999046326,0.0,5,40,195,1131,2859,2016-05-02,0.0,,,,,,Monday,False,240,,Lightly Active
4702921684,9454,7.67000007629395,0.0,0.0,0.0,7.67000007629395,0.0,0,0,313,729,3145,2016-05-03,1.0,327.0,373.0,,,,Tuesday,False,313,5.45,Fairly Active
4702921684,8161,6.61999988555908,0.0,0.340000003576279,0.730000019073486,5.53999996185303,0.0,4,15,251,757,3004,2016-05-04,1.0,412.0,434.0,,,,Wednesday,False,270,6.87,Fairly Active
4702921684,8614,6.98999977111816,0.0,0.670000016689301,0.219999998807907,6.09000015258789,0.0,8,5,241,745,3006,2016-05-05,1.0,414.0,428.0,,,,Thursday,False,254,6.9,Fairly Active
4702921684,6943,5.63000011444092,0.0,0.0799999982118607,0.660000026226044,4.86999988555908,0.0,1,16,207,682,2859,2016-05-06,1.0,404.0,449.0,,,,Friday,False,224,6.73,Lightly Active
4702921684,14370,11.6499996185303,0.0,0.370000004768372,2.30999994277954,8.97000026702881,0.0,5,46,439,577,3683,2016-05-07,1.0,520.0,543.0,,,,Saturday,False,490,8.67,Very Active
4702921684,12857,10.4300003051758,0.0,0.680000007152557,6.21000003814697,3.53999996185303,0.0,9,125,192,1019,3287,2016-05-08,0.0,,,,,,Sunday,False,326,,Very Active
4702921684,8232,6.67999982833862,0.0,0.0,0.569999992847443,6.09999990463257,0.0,0,12,253,746,2990,2016-05-09,1.0,435.0,458.0,,,,Monday,False,265,7.25,Fairly Active
4702921684,10613,8.60999965667725,0.0,0.0799999982118607,1.87999999523163,6.65000009536743,0.0,1,37,262,701,3172,2016-05-10,1.0,416.0,431.0,,,,Tuesday,False,300,6.93,Very Active
4702921684,9810,7.96000003814697,0.0,0.779999971389771,2.16000008583069,4.98000001907349,0.0,10,41,235,784,3069,2016-05-11,1.0,354.0,366.0,,,,Wednesday,False,286,5.9,Fairly Active
4702921684,2752,2.23000001907349,0.0,0.0,0.0,2.23000001907349,0.0,0,0,68,241,1240,2016-05-12,1.0,404.0,442.0,,,,Thursday,False,68,6.73,Sedentary
5553957443,11596,7.57000017166138,0.0,1.37000000476837,0.790000021457672,5.40999984741211,0.0,19,13,277,767,2026,2016-04-12,1.0,441.0,464.0,,,,Tuesday,False,309,7.35,Very Active
5553957443,4832,3.16000008583069,0.0,0.0,0.0,3.16000008583069,0.0,0,0,226,647,1718,2016-04-13,2.0,455.0,488.0,,,,Wednesday,False,226,7.58,Sedentary
5553957443,17022,11.1199998855591,0.0,4.0,2.45000004768372,4.67000007629395,0.0,61,41,256,693,2324,2016-04-14,1.0,357.0,418.0,,,,Thursday,False,358,5.95,Very Active
5553957443,16556,10.8599996566772,0.0,4.15999984741211,1.98000001907349,4.71000003814697,0.0,58,38,239,689,2254,2016-04-15,1.0,377.0,409.0,,,,Friday,False,335,6.28,Very Active
5553957443,5771,3.76999998092651,0.0,0.0,0.0,3.76999998092651,0.0,0,0,288,521,1831,2016-04-16,2.0,651.0,686.0,,,,Saturday,False,288,10.85,Lightly Active
5553957443,655,0.430000007152557,0.0,0.0,0.0,0.430000007152557,0.0,0,0,46,943,1397,2016-04-17,1.0,350.0,402.0,,,,Sunday,False,46,5.83,Sedentary
5553957443,3727,2.4300000667572,0.0,0.0,0.0,2.4300000667572,0.0,0,0,206,622,1683,2016-04-18,2.0,520.0,541.0,,,,Monday,False,206,8.67,Sedentary
5553957443,15482,10.1099996566772,0.0,4.28000020980835,1.6599999666214,4.17999982833862,0.0,69,28,249,756,2284,2016-04-19,1.0,357.0,410.0,,,,Tuesday,False,346,5.95,Very Active
5553957443,2713,1.76999998092651,0.0,0.0,0.0,1.76999998092651,0.0,0,0,148,598,1570,2016-04-20,1.0,658.0,678.0,,,,Wednesday,False,148,10.97,Sedentary
5553957443,12346,8.0600004196167,0.0,2.95000004768372,2.16000008583069,2.96000003814697,0.0,47,42,177,801,2066,2016-04-21,1.0,399.0,431.0,,,,Thursday,False,266,6.65,Very Active
5553957443,11682,7.63000011444092,0.0,1.37999999523163,0.629999995231628,5.59999990463257,0.0,25,16,270,781,2105,2016-04-22,1.0,322.0,353.0,,,,Friday,False,311,5.37,Very Active
5553957443,4112,2.69000005722046,0.0,0.0,0.0,2.6800000667572,0.0,0,0,272,443,1776,2016-04-23,2.0,631.0,725.0,,,,Saturday,False,272,10.52,Sedentary
5553957443,1807,1.17999994754791,0.0,0.0,0.0,1.17999994754791,0.0,0,0,104,582,1507,2016-04-24,2.0,553.0,640.0,,,,Sunday,False,104,9.22,Sedentary
5553957443,10946,7.19000005722046,0.0,2.9300000667572,0.569999992847443,3.69000005722046,0.0,51,11,201,732,2033,2016-04-25,1.0,433.0,468.0,,,,Monday,False,263,7.22,Very Active
5553957443,11886,7.76000022888184,0.0,2.36999988555908,0.930000007152557,4.46000003814697,0.0,40,18,238,750,2093,2016-04-26,1.0,412.0,453.0,,,,Tuesday,False,296,6.87,Very Active
5553957443,10538,6.88000011444092,0.0,1.13999998569489,1.0,4.73999977111816,0.0,16,16,206,745,1922,2016-04-27,1.0,347.0,391.0,,,,Wednesday,False,238,5.78,Very Active
5553957443,11393,7.63000011444092,0.0,3.71000003814697,0.75,3.17000007629395,0.0,49,13,165,727,1999,2016-04-28,1.0,421.0,457.0,,,,Thursday,False,227,7.02,Very Active
5553957443,12764,8.32999992370605,0.0,2.78999996185303,0.639999985694885,4.90999984741211,0.0,46,15,270,709,2169,2016-04-29,1.0,450.0,495.0,,,,Friday,False,331,7.5,Very Active
5553957443,1202,0.779999971389771,0.0,0.0,0.0,0.779999971389771,0.0,0,0,84,506,1463,2016-04-30,2.0,775.0,843.0,,,,Saturday,False,84,12.92,Sedentary
5553957443,5164,3.36999988555908,0.0,0.0,0.0,3.36999988555908,0.0,0,0,237,436,1747,2016-05-01,2.0,622.0,686.0,,,,Sunday,False,237,10.37,Lightly Active
5553957443,9769,6.38000011444092,0.0,1.05999994277954,0.409999996423721,4.90000009536743,0.0,23,9,227,724,1996,2016-05-02,1.0,409.0,471.0,,,,Monday,False,259,6.82,Fairly Active
5553957443,12848,8.39000034332275,0.0,1.5,1.20000004768372,5.67999982833862,0.0,26,29,247,812,2116,2016-05-03,1.0,380.0,429.0,,,,Tuesday,False,302,6.33,Very Active
5553957443,4249,2.76999998092651,0.0,0.0,0.0,2.76999998092651,0.0,0,0,224,651,1698,2016-05-04,1.0,447.0,470.0,,,,Wednesday,False,224,7.45,Sedentary
5553957443,14331,9.51000022888184,0.0,3.4300000667572,1.6599999666214,4.42999982833862,0.0,44,29,241,692,2156,2016-05-05,1.0,419.0,464.0,,,,Thursday,False,314,6.98,Very Active
5553957443,9632,6.28999996185303,0.0,1.51999998092651,0.540000021457672,4.23000001907349,0.0,21,9,229,761,1916,2016-05-06,1.0,400.0,434.0,,,,Friday,False,259,6.67,Fairly Active
5553957443,1868,1.22000002861023,0.0,0.0,0.0,1.22000002861023,0.0,0,0,96,902,1494,2016-05-07,1.0,442.0,470.0,,,,Saturday,False,96,7.37,Sedentary
5553957443,6083,4.0,0.0,0.219999998807907,0.469999998807907,3.29999995231628,0.0,3,8,210,505,1762,2016-05-08,1.0,568.0,608.0,,,,Sunday,False,221,9.47,Lightly Active
5553957443,11611,7.57999992370605,0.0,2.13000011444092,0.889999985694885,4.55999994277954,0.0,59,22,251,667,2272,2016-05-09,1.0,453.0,494.0,,,,Monday,False,332,7.55,Very Active
5553957443,16358,10.710000038147,0.0,3.86999988555908,1.61000001430511,5.19999980926514,0.0,61,40,265,707,2335,2016-05-10,1.0,418.0,443.0,,,,Tuesday,False,366,6.97,Very Active
5553957443,4926,3.22000002861023,0.0,0.0,0.0,3.22000002861023,0.0,0,0,195,628,1693,2016-05-11,1.0,463.0,486.0,,,,Wednesday,False,195,7.72,Sedentary
5553957443,3121,2.03999996185303,0.0,0.579999983310699,0.400000005960464,1.05999994277954,0.0,8,6,48,222,741,2016-05-12,1.0,438.0,475.0,,,,Thursday,False,62,7.3,Sedentary
5577150313,8135,6.07999992370605,0.0,3.59999990463257,0.379999995231628,2.09999990463257,0.0,86,16,140,728,3405,2016-04-12,1.0,419.0,438.0,,,,Tuesday,False,242,6.98,Fairly Active
5577150313,5077,3.78999996185303,0.0,0.319999992847443,0.219999998807907,3.25,0.0,15,11,144,776,2551,2016-04-13,1.0,432.0,458.0,,,,Wednesday,False,170,7.2,Lightly Active
5577150313,8596,6.42000007629395,0.0,3.32999992370605,0.310000002384186,2.77999997138977,0.0,118,30,176,662,4022,2016-04-14,1.0,477.0,497.0,,,,Thursday,False,324,7.95,Fairly Active
5577150313,12087,9.07999992370605,0.0,3.92000007629395,1.60000002384186,3.55999994277954,0.0,115,54,199,695,4005,2016-04-15,1.0,392.0,413.0,,,,Friday,False,368,6.53,Very Active
5577150313,14269,10.6599998474121,0.0,6.6399998664856,1.27999997138977,2.73000001907349,0.0,184,56,158,472,4274,2016-04-16,1.0,406.0,445.0,,,,Saturday,False,398,6.77,Very Active
5577150313,12231,9.14000034332275,0.0,5.98000001907349,0.829999983310699,2.3199999332428,0.0,200,37,159,525,4552,2016-04-17,1.0,549.0,583.0,90.6999969482422,199.959265073821,28.0,Sunday,False,396,9.15,Very Active
5577150313,9893,7.3899998664856,0.0,4.8600001335144,0.720000028610229,1.82000005245209,0.0,114,32,130,623,3625,2016-04-18,1.0,527.0,553.0,,,,Monday,False,276,8.78,Fairly Active
5577150313,12574,9.42000007629395,0.0,7.01999998092651,0.639999985694885,1.75999999046326,0.0,108,23,111,733,3501,2016-04-19,1.0,449.0,465.0,,,,Tuesday,False,242,7.48,Very Active
5577150313,8330,6.21999979019165,0.0,4.11999988555908,0.340000003576279,1.75999999046326,0.0,87,16,113,773,3192,2016-04-20,1.0,447.0,480.0,,,,Wednesday,False,216,7.45,Fairly Active
5577150313,10830,8.09000015258789,0.0,3.65000009536743,1.6599999666214,2.77999997138977,0.0,110,74,175,670,4018,2016-04-21,1.0,414.0,437.0,,,,Thursday,False,359,6.9,Very Active
5577150313,9172,6.84999990463257,0.0,2.42000007629395,0.790000021457672,3.29999995231628,0.0,62,30,200,823,3329,2016-04-22,1.0,338.0,366.0,,,,Friday,False,292,5.63,Fairly Active
5577150313,7638,5.71000003814697,0.0,1.21000003814697,0.360000014305115,4.1399998664856,0.0,24,24,223,627,3152,2016-04-23,1.0,384.0,402.0,,,,Saturday,False,271,6.4,Fairly Active
5577150313,15764,11.7799997329712,0.0,7.65000009536743,2.15000009536743,1.98000001907349,0.0,210,65,141,425,4392,2016-04-24,1.0,543.0,615.0,,,,Sunday,False,416,9.05,Very Active
5577150313,6393,4.78000020980835,0.0,1.35000002384186,0.670000016689301,2.75999999046326,0.0,61,38,214,743,3374,2016-04-25,1.0,421.0,461.0,,,,Monday,False,313,7.02,Lightly Active
5577150313,5325,3.98000001907349,0.0,0.850000023841858,0.649999976158142,2.47000002861023,0.0,38,32,181,759,3088,2016-04-26,1.0,354.0,377.0,,,,Tuesday,False,251,5.9,Lightly Active
5577150313,6805,5.1399998664856,0.0,1.80999994277954,0.400000005960464,2.9300000667572,0.0,63,16,190,773,3294,2016-04-27,1.0,424.0,452.0,,,,Wednesday,False,269,7.07,Lightly Active
5577150313,9841,7.42999982833862,0.0,3.25,1.16999995708466,3.00999999046326,0.0,99,51,141,692,3580,2016-04-28,1.0,361.0,372.0,,,,Thursday,False,291,6.02,Fairly Active
5577150313,7924,5.92000007629395,0.0,2.83999991416931,0.610000014305115,2.47000002861023,0.0,97,36,165,739,3544,2016-04-29,1.0,459.0,485.0,,,,Friday,False,298,7.65,Fairly Active
5577150313,12363,9.23999977111816,0.0,5.82999992370605,0.790000021457672,2.60999989509583,0.0,207,45,163,621,4501,2016-04-30,1.0,412.0,433.0,,,,Saturday,False,415,6.87,Very Active
5577150313,13368,9.98999977111816,0.0,5.30999994277954,1.44000005722046,3.24000000953674,0.0,194,72,178,499,4546,2016-05-01,1.0,379.0,398.0,,,,Sunday,False,444,6.32,Very Active
5577150313,7439,5.55999994277954,0.0,1.12000000476837,0.349999994039536,4.07000017166138,0.0,37,20,235,732,3014,2016-05-02,2.0,525.0,553.0,,,,Monday,False,292,8.75,Lightly Active
5577150313,11045,8.25,0.0,4.51999998092651,0.150000005960464,3.5699999332428,0.0,97,8,212,580,3795,2016-05-03,1.0,508.0,543.0,,,,Tuesday,False,317,8.47,Very Active
5577150313,5206,3.89000010490417,0.0,1.55999994277954,0.25,2.07999992370605,0.0,25,9,141,631,2755,2016-05-04,1.0,603.0,634.0,,,,Wednesday,False,175,10.05,Lightly Active
5577150313,7550,5.6399998664856,0.0,2.5,0.469999998807907,2.67000007629395,0.0,45,21,143,1153,3004,2016-05-05,1.0,74.0,78.0,,,,Thursday,False,209,1.23,Fairly Active
5577150313,4950,3.70000004768372,0.0,1.92999994754791,0.319999992847443,1.45000004768372,0.0,41,16,79,1304,2643,2016-05-06,0.0,,,,,,Friday,False,136,,Sedentary
5577150313,0,0.0,0.0,0.0,0.0,0.0,0.0,0,0,0,1440,1819,2016-05-07,0.0,,,,,,Saturday,True,0,,Sedentary
5577150313,0,0.0,0.0,0.0,0.0,0.0,0.0,0,0,0,1440,1819,2016-05-08,0.0,,,,,,Sunday,True,0,,Sedentary
5577150313,3421,2.55999994277954,0.0,1.42999994754791,0.140000000596046,0.990000009536743,0.0,34,11,70,1099,2489,2016-05-09,0.0,,,,,,Monday,False,115,,Sedentary
5577150313,8869,6.65000009536743,0.0,2.55999994277954,0.75,3.34999990463257,0.0,104,37,194,639,3841,2016-05-10,1.0,504.0,562.0,,,,Tuesday,False,335,8.4,Fairly Active
5577150313,4038,3.03999996185303,0.0,1.83000004291534,0.300000011920929,0.889999985694885,0.0,45,15,63,257,1665,2016-05-11,1.0,431.0,476.0,,,,Wednesday,False,123,7.18,Sedentary
6117666160,0,0.0,0.0,0.0,0.0,0.0,0.0,0,0,0,1440,1496,2016-04-12,0.0,,,,,,Tuesday,True,0,,Sedentary
6117666160,0,0.0,0.0,0.0,0.0,0.0,0.0,0,0,0,1440,1496,2016-04-13,0.0,,,,,,Wednesday,True,0,,Sedentary
6117666160,0,0.0,0.0,0.0,0.0,0.0,0.0,0,0,0,1440,1496,2016-04-14,0.0,,,,,,Thursday,True,0,,Sedentary
6117666160,14019,10.5900001525879,0.0,0.0,0.280000001192093,10.3000001907349,0.0,0,6,513,921,2865,2016-04-15,0.0,,,,,,Friday,False,519,,Very Active
6117666160,14450,10.9099998474121,0.0,0.579999983310699,0.850000023841858,9.47999954223633,0.0,7,15,518,502,2828,2016-04-16,1.0,380.0,398.0,,,,Saturday,False,540,6.33,Very Active
6117666160,7150,5.40000009536743,0.0,0.0,0.0,5.40000009536743,0.0,0,0,312,702,2225,2016-04-17,2.0,336.0,350.0,,,,Sunday,False,312,5.6,Lightly Active
6117666160,5153,3.91000008583069,0.0,0.0,0.0,3.89000010490417,0.0,0,0,241,759,2018,2016-04-18,2.0,493.0,510.0,,,,Monday,False,241,8.22,Lightly Active
6117666160,11135,8.40999984741211,0.0,0.0,0.0,8.40999984741211,0.0,0,0,480,425,2606,2016-04-19,1.0,465.0,492.0,,,,Tuesday,False,480,7.75,Very Active
6117666160,10449,8.02000045776367,0.0,2.02999997138977,0.479999989271164,5.51999998092651,0.0,26,10,349,587,2536,2016-04-20,1.0,474.0,502.0,,,,Wednesday,False,385,7.9,Very Active
6117666160,19542,15.0100002288818,0.0,0.980000019073486,0.400000005960464,5.61999988555908,0.0,11,19,294,579,4900,2016-04-21,1.0,508.0,550.0,,,,Thursday,False,324,8.47,Very Active
6117666160,8206,6.19999980926514,0.0,0.0,0.0,6.19999980926514,0.0,0,0,402,413,2409,2016-04-22,1.0,480.0,546.0,,,,Friday,False,402,8.0,Fairly Active
6117666160,11495,8.68000030517578,0.0,0.0,0.0,8.68000030517578,0.0,0,0,512,468,2651,2016-04-23,1.0,492.0,539.0,,,,Saturday,False,512,8.2,Very Active
6117666160,7623,5.76000022888184,0.0,0.0,0.0,5.76000022888184,0.0,0,0,362,711,2305,2016-04-24,1.0,353.0,367.0,,,,Sunday,False,362,5.88,Fairly Active
6117666160,0,0.0,0.0,0.0,0.0,0.0,0.0,0,0,0,1440,1497,2016-04-25,0.0,,,,,,Monday,True,0,,Sedentary
6117666160,9543,7.21000003814697,0.0,0.0,0.340000003576279,6.86999988555908,0.0,0,7,352,1077,2450,2016-04-26,0.0,,,,,,Tuesday,False,359,,Fairly Active
6117666160,9411,7.1100001335144,0.0,0.0,0.0,7.1100001335144,0.0,0,0,458,417,2576,2016-04-27,1.0,542.0,557.0,,,,Wednesday,False,458,9.03,Fairly Active
6117666160,3403,2.59999990463257,0.0,0.0,0.0,2.59999990463257,0.0,0,0,141,758,1879,2016-04-28,1.0,393.0,416.0,,,,Thursday,False,141,6.55,Sedentary
6117666160,9592,7.23999977111816,0.0,0.0,0.0,7.23999977111816,0.0,0,0,461,479,2560,2016-04-29,1.0,600.0,636.0,,,,Friday,False,461,10.0,Fairly Active
6117666160,6987,5.28000020980835,0.0,0.0,0.0,5.28000020980835,0.0,0,0,343,1040,2275,2016-04-30,0.0,,,,,,Saturday,False,343,,Lightly Active
6117666160,8915,6.73000001907349,0.0,0.0,0.0,6.73000001907349,0.0,0,0,397,525,2361,2016-05-01,1.0,507.0,575.0,,,,Sunday,False,397,8.45,Fairly Active
6117666160,4933,3.73000001907349,0.0,0.0,0.0,3.73000001907349,0.0,0,0,236,1204,2044,2016-05-02,0.0,,,,,,Monday,False,236,,Sedentary
6117666160,0,0.0,0.0,0.0,0.0,0.0,0.0,0,0,0,1440,1496,2016-05-03,0.0,,,,,,Tuesday,True,0,,Sedentary
6117666160,2997,2.25999999046326,0.0,0.0,0.0,2.25999999046326,0.0,0,0,156,1279,1902,2016-05-04,0.0,,,,,,Wednesday,False,156,,Sedentary
6117666160,9799,7.40000009536743,0.0,0.0,0.0,7.40000009536743,0.0,0,0,487,479,2636,2016-05-05,1.0,392.0,415.0,,,,Thursday,False,487,6.53,Fairly Active
6117666160,3365,2.6800000667572,0.0,0.0,0.0,2.6800000667572,0.0,0,0,133,673,1838,2016-05-06,2.0,658.0,698.0,,,,Friday,False,133,10.97,Sedentary
6117666160,7336,5.53999996185303,0.0,0.0,0.0,5.53999996185303,0.0,0,0,412,456,2469,2016-05-07,2.0,498.0,507.0,,,,Saturday,False,412,8.3,Lightly Active
6117666160,7328,5.53000020980835,0.0,0.0,0.0,5.53000020980835,0.0,0,0,318,517,2250,2016-05-08,1.0,555.0,603.0,,,,Sunday,False,318,9.25,Lightly Active
6117666160,4477,3.38000011444092,0.0,0.0,0.0,3.38000011444092,0.0,0,0,197,125,1248,2016-05-09,1.0,492.0,522.0,,,,Monday,False,197,8.2,Sedentary
6290855005,4562,3.45000004768372,0.0,0.0,0.0,3.45000004768372,0.0,0,0,199,1241,2560,2016-04-12,0.0,,,,,,Tuesday,False,199,,Sedentary
6290855005,7142,5.40000009536743,0.0,0.0,0.0,5.3899998664856,0.0099999997764825,0,0,350,1090,2905,2016-04-13,0.0,,,,,,Wednesday,False,350,,Lightly Active
6290855005,7671,5.80000019073486,0.0,0.0,0.0,5.76999998092651,0.0299999993294477,0,0,363,1077,2952,2016-04-14,0.0,,,,,,Thursday,False,363,,Fairly Active
6290855005,9501,7.17999982833862,0.0,0.0,0.0,7.17000007629395,0.0099999997764825,0,0,328,1112,2896,2016-04-15,0.0,,,,,,Friday,False,328,,Fairly Active
6290855005,8301,6.28000020980835,0.0,0.0,0.0,6.26999998092651,0.0099999997764825,0,0,258,1182,2783,2016-04-16,0.0,,,,,,Saturday,False,258,,Fairly Active
6290855005,7851,5.94000005722046,0.0,1.13999998569489,0.790000021457672,4.0,0.0,31,12,225,1172,3171,2016-04-17,0.0,,,,,,Sunday,False,268,,Fairly Active
6290855005,6885,5.21000003814697,0.0,0.0,0.0,5.19000005722046,0.0199999995529652,0,0,271,1169,2766,2016-04-18,0.0,,,,,,Monday,False,271,,Lightly Active
6290855005,7142,5.40000009536743,0.0,0.0,0.0,5.3899998664856,0.0099999997764825,0,0,321,1119,2839,2016-04-19,0.0,,,,,,Tuesday,False,321,,Lightly Active
6290855005,6361,4.80999994277954,0.0,0.0,0.0,4.80000019073486,0.0099999997764825,0,0,258,1182,2701,2016-04-20,0.0,,,,,,Wednesday,False,258,,Lightly Active
6290855005,0,0.0,0.0,0.0,0.0,0.0,0.0,0,0,0,1440,2060,2016-04-21,0.0,,,,,,Thursday,True,0,,Sedentary
6290855005,6238,4.71999979019165,0.0,0.0,0.0,4.71999979019165,0.0,0,0,302,1138,2796,2016-04-22,0.0,,,,,,Friday,False,302,,Lightly Active
6290855005,0,0.0,0.0,0.0,0.0,0.0,0.0,33,0,0,1407,2664,2016-04-23,0.0,,,,,,Saturday,False,33,,Sedentary
6290855005,5896,4.46000003814697,0.0,0.0,0.0,4.46000003814697,0.0,0,0,258,1182,2703,2016-04-24,0.0,,,,,,Sunday,False,258,,Lightly Active
6290855005,7802,5.90000009536743,0.0,0.680000007152557,0.180000007152557,5.03000020980835,0.0099999997764825,8,3,249,1180,2771,2016-04-25,0.0,,,,,,Monday,False,260,,Fairly Active
6290855005,0,0.0,0.0,0.0,0.0,0.0,0.0,0,0,0,1440,2060,2016-04-26,0.0,,,,,,Tuesday,True,0,,Sedentary
6290855005,5565,4.21000003814697,0.0,0.0,0.0,4.17999982833862,0.0299999993294477,0,0,287,1153,2743,2016-04-27,0.0,,,,,,Wednesday,False,287,,Lightly Active
6290855005,5731,4.32999992370605,0.0,0.0,0.0,4.32999992370605,0.0,0,0,255,1185,2687,2016-04-28,0.0,,,,,,Thursday,False,255,,Lightly Active
6290855005,0,0.0,0.0,0.0,0.0,0.0,0.0,0,0,0,1440,2060,2016-04-29,0.0,,,,,,Friday,True,0,,Sedentary
6290855005,6744,5.09999990463257,0.0,0.0,0.0,5.09000015258789,0.0099999997764825,0,0,324,1116,2843,2016-04-30,0.0,,,,,,Saturday,False,324,,Lightly Active
6290855005,9837,7.44000005722046,0.0,0.660000026226044,2.75,4.0,0.0199999995529652,8,95,282,1055,3327,2016-05-01,0.0,,,,,,Sunday,False,385,,Fairly Active
6290855005,6781,5.13000011444092,0.0,0.0,0.0,5.1100001335144,0.0199999995529652,0,0,268,1172,2725,2016-05-02,0.0,,,,,,Monday,False,268,,Lightly Active
6290855005,6047,4.57000017166138,0.0,0.0,0.0,4.57000017166138,0.0,0,0,240,1200,2671,2016-05-03,0.0,,,,,,Tuesday,False,240,,Lightly Active
6290855005,5832,4.40999984741211,0.0,0.0,0.0,4.40000009536743,0.0099999997764825,0,0,272,1168,2718,2016-05-04,0.0,,,,,,Wednesday,False,272,,Lightly Active
6290855005,6339,4.78999996185303,0.0,0.0,0.0,4.78999996185303,0.0,0,0,239,1201,2682,2016-05-05,0.0,,,,,,Thursday,False,239,,Lightly Active
6290855005,6116,4.61999988555908,0.0,0.0,0.0,4.59000015258789,0.0299999993294477,0,0,305,1135,2806,2016-05-06,0.0,,,,,,Friday,False,305,,Lightly Active
6290855005,5510,4.17000007629395,0.0,0.0,0.0,4.15999984741211,0.0,0,0,227,1213,2613,2016-05-07,0.0,,,,,,Saturday,False,227,,Lightly Active
6290855005,7706,5.82999992370605,0.0,0.0,0.0,5.82000017166138,0.0,0,0,251,1189,2712,2016-05-08,0.0,,,,,,Sunday,False,251,,Fairly Active
6290855005,6277,4.75,0.0,0.0,0.0,4.73000001907349,0.0199999995529652,0,0,264,800,2175,2016-05-09,0.0,,,,,,Monday,False,264,,Lightly Active
6290855005,0,0.0,0.0,0.0,0.0,0.0,0.0,0,0,0,1440,0,2016-05-10,0.0,,,,,,Tuesday,True,0,,Sedentary
6775888955,0,0.0,0.0,0.0,0.0,0.0,0.0,0,0,0,1440,1841,2016-04-12,0.0,,,,,,Tuesday,True,0,,Sedentary
6775888955,4053,2.91000008583069,0.0,1.11000001430511,0.579999983310699,1.22000002861023,0.0,17,18,85,1053,2400,2016-04-13,1.0,235.0,260.0,,,,Wednesday,False,120,3.92,Sedentary
6775888955,5162,3.70000004768372,0.0,0.870000004768372,0.860000014305115,1.97000002861023,0.0,14,24,105,863,2507,2016-04-14,1.0,423.0,441.0,,,,Thursday,False,143,7.05,Lightly Active
6775888955,1282,0.920000016689301,0.0,0.0,0.0,0.920000016689301,0.0,0,0,58,976,2127,2016-04-15,1.0,391.0,406.0,,,,Friday,False,58,6.52,Sedentary
6775888955,4732,3.39000010490417,0.0,2.51999998092651,0.810000002384186,0.0599999986588955,0.0,36,18,9,1377,2225,2016-04-16,0.0,,,,,,Saturday,False,63,,Sedentary
6775888955,2497,1.78999996185303,0.0,0.349999994039536,1.12999999523163,0.310000002384186,0.0,5,24,19,1392,2067,2016-04-17,0.0,,,,,,Sunday,False,48,,Sedentary
6775888955,8294,5.94999980926514,0.0,2.0,0.769999980926514,3.17000007629395,0.0,30,31,146,1233,2798,2016-04-18,0.0,,,,,,Monday,False,207,,Fairly Active
6775888955,0,0.0,0.0,0.0,0.0,0.0,0.0,0,0,0,1440,1841,2016-04-19,0.0,,,,,,Tuesday,True,0,,Sedentary
6775888955,10771,7.71999979019165,0.0,3.76999998092651,1.74000000953674,2.22000002861023,0.0,70,113,178,1079,3727,2016-04-20,0.0,,,,,,Wednesday,False,361,,Very Active
6775888955,0,0.0,0.0,0.0,0.0,0.0,0.0,0,0,0,1440,1841,2016-04-21,0.0,,,,,,Thursday,True,0,,Sedentary
6775888955,637,0.46000000834465,0.0,0.0,0.0,0.46000000834465,0.0,0,0,20,1420,1922,2016-04-22,0.0,,,,,,Friday,False,20,,Sedentary
6775888955,0,0.0,0.0,0.0,0.0,0.0,0.0,0,0,0,1440,1841,2016-04-23,0.0,,,,,,Saturday,True,0,,Sedentary
6775888955,2153,1.53999996185303,0.0,0.769999980926514,0.620000004768372,0.150000005960464,0.0,11,18,11,1400,2053,2016-04-24,0.0,,,,,,Sunday,False,40,,Sedentary
6775888955,6474,4.6399998664856,0.0,2.26999998092651,0.46000000834465,1.89999997615814,0.0,33,13,92,1302,2484,2016-04-25,0.0,,,,,,Monday,False,138,,Lightly Active
6775888955,7091,5.26999998092651,1.95959603786469,3.48000001907349,0.870000004768372,0.730000019073486,0.0,42,30,47,1321,2584,2016-04-26,0.0,,,,,,Tuesday,False,119,,Lightly Active
6775888955,0,0.0,0.0,0.0,0.0,0.0,0.0,0,0,0,1440,1841,2016-04-27,0.0,,,,,,Wednesday,True,0,,Sedentary
6775888955,703,0.5,0.0,0.0599999986588955,0.200000002980232,0.239999994635582,0.0,2,13,15,1410,1993,2016-04-28,0.0,,,,,,Thursday,False,30,,Sedentary
6775888955,0,0.0,0.0,0.0,0.0,0.0,0.0,0,0,0,1440,1841,2016-04-29,0.0,,,,,,Friday,True,0,,Sedentary
6775888955,2503,1.78999996185303,0.0,0.159999996423721,0.159999996423721,1.48000001907349,0.0,3,9,84,1344,2280,2016-04-30,0.0,,,,,,Saturday,False,96,,Sedentary
6775888955,2487,1.77999997138977,0.0,0.479999989271164,0.620000004768372,0.680000007152557,0.0,9,34,50,1347,2319,2016-05-01,0.0,,,,,,Sunday,False,93,,Sedentary
6775888955,0,0.0,0.0,0.0,0.0,0.0,0.0,0,0,0,1440,1841,2016-05-02,0.0,,,,,,Monday,True,0,,Sedentary
6775888955,9,0.0099999997764825,0.0,0.0,0.0,0.0099999997764825,0.0,0,0,1,1439,1843,2016-05-03,0.0,,,,,,Tuesday,False,1,,Sedentary
6775888955,0,0.0,0.0,0.0,0.0,0.0,0.0,0,0,0,1440,1841,2016-05-04,0.0,,,,,,Wednesday,True,0,,Sedentary
6775888955,0,0.0,0.0,0.0,0.0,0.0,0.0,0,0,0,1440,1841,2016-05-05,0.0,,,,,,Thursday,True,0,,Sedentary
6775888955,4697,3.36999988555908,0.0,0.469999998807907,0.930000007152557,1.92999994754791,0.0,12,35,75,1318,2496,2016-05-06,0.0,,,,,,Friday,False,122,,Sedentary
6775888955,1967,1.4099999666214,0.0,0.129999995231628,0.239999994635582,1.04999995231628,0.0,2,5,49,551,1032,2016-05-07,0.0,,,,,,Saturday,False,56,,Sedentary
6962181067,10199,6.73999977111816,0.0,3.40000009536743,0.829999983310699,2.50999999046326,0.0,50,14,189,796,1994,2016-04-12,1.0,366.0,387.0,62.5,137.788913865625,24.3899993896484,Tuesday,False,253,6.1,Very Active
6962181067,5652,3.74000000953674,0.0,0.569999992847443,1.21000003814697,1.96000003814697,0.0,8,24,142,548,1718,2016-04-13,3.0,630.0,679.0,62.0999984741211,136.907061452898,24.2399997711182,Wednesday,False,174,10.5,Lightly Active
6962181067,1551,1.02999997138977,0.0,0.0,0.0,1.02999997138977,0.0,0,0,86,862,1466,2016-04-14,2.0,508.0,535.0,61.7000007629395,136.025217450139,24.1000003814697,Thursday,False,86,8.47,Sedentary
6962181067,5563,3.6800000667572,0.0,0.0,0.0,3.6800000667572,0.0,0,0,217,837,1756,2016-04-15,1.0,370.0,386.0,61.5,135.584291243775,24.0,Friday,False,217,6.17,Lightly Active
6962181067,13217,8.73999977111816,0.0,3.66000008583069,0.189999997615814,4.88000011444092,0.0,50,3,280,741,2173,2016-04-16,1.0,357.0,366.0,62.0,136.6866025547,24.2099990844727,Saturday,False,333,5.95,Very Active
6962181067,10145,6.71000003814697,0.0,0.330000013113022,0.680000007152557,5.69000005722046,0.0,5,13,295,634,2027,2016-04-17,1.0,427.0,446.0,61.4000015258789,135.363832345577,23.9599990844727,Sunday,False,313,7.12,Very Active
6962181067,11404,7.53999996185303,0.0,0.829999983310699,2.39000010490417,4.32000017166138,0.0,13,42,238,689,2039,2016-04-18,1.0,442.0,458.0,61.2000007629395,134.922906139214,23.8899993896484,Monday,False,293,7.37,Very Active
6962181067,10742,7.09999990463257,0.0,2.09999990463257,2.13000011444092,2.86999988555908,0.0,35,41,195,659,2046,2016-04-19,1.0,476.0,535.0,61.4000015258789,135.363832345577,23.9599990844727,Tuesday,False,271,7.93,Very Active
6962181067,13928,9.55000019073486,0.0,4.28000020980835,0.189999997615814,5.09000015258789,0.0,48,4,297,639,2174,2016-04-20,1.0,418.0,424.0,61.7000007629395,136.025217450139,24.1000003814697,Wednesday,False,349,6.97,Very Active
6962181067,11835,9.71000003814697,4.08169221878052,3.99000000953674,2.09999990463257,3.50999999046326,0.109999999403954,53,27,214,708,2179,2016-04-21,1.0,451.0,457.0,61.4000015258789,135.363832345577,23.9599990844727,Thursday,False,294,7.52,Very Active
6962181067,10725,7.09000015258789,0.0,1.76999998092651,1.54999995231628,3.76999998092651,0.0,30,33,240,659,2086,2016-04-22,1.0,425.0,435.0,61.4000015258789,135.363832345577,23.9599990844727,Friday,False,303,7.08,Very Active
6962181067,20031,13.2399997711182,0.0,4.19999980926514,2.0,7.03999996185303,0.0,58,41,347,484,2571,2016-04-23,1.0,528.0,546.0,61.5,135.584291243775,24.0,Saturday,False,446,8.8,Very Active
6962181067,5029,3.3199999332428,0.0,0.0,0.0,3.3199999332428,0.0,0,0,199,720,1705,2016-04-24,1.0,511.0,514.0,61.5,135.584291243775,24.0,Sunday,False,199,8.52,Lightly Active
6962181067,13239,9.27000045776367,2.78517508506775,3.01999998092651,1.67999994754791,4.46000003814697,0.100000001490116,35,31,282,637,2194,2016-04-25,1.0,400.0,415.0,61.7000007629395,136.025217450139,24.1000003814697,Monday,False,348,6.67,Very Active
6962181067,10433,6.90000009536743,0.0,2.57999992370605,0.419999986886978,3.90000009536743,0.0,36,7,254,680,2012,2016-04-26,1.0,441.0,446.0,,,,Tuesday,False,297,7.35,Very Active
6962181067,10320,6.82000017166138,0.0,0.550000011920929,2.01999998092651,4.25,0.0,7,38,279,697,2034,2016-04-27,1.0,455.0,467.0,61.2000007629395,134.922906139214,23.8899993896484,Wednesday,False,324,7.58,Very Active
6962181067,12627,8.35000038146973,0.0,2.50999999046326,0.239999994635582,5.59000015258789,0.0,38,8,288,621,2182,2016-04-28,1.0,440.0,453.0,61.2000007629395,134.922906139214,23.8899993896484,Thursday,False,334,7.33,Very Active
6962181067,10762,7.1100001335144,0.0,0.819999992847443,0.479999989271164,5.80999994277954,0.0,12,15,369,645,2254,2016-04-29,1.0,433.0,447.0,61.4000015258789,135.363832345577,23.9599990844727,Friday,False,396,7.22,Very Active
6962181067,10081,6.65999984741211,0.0,2.24000000953674,0.759999990463257,3.67000007629395,0.0,32,16,237,731,2002,2016-04-30,1.0,422.0,424.0,61.0,134.48197993285,23.8199996948242,Saturday,False,285,7.03,Very Active
6962181067,5454,3.60999989509583,0.0,0.0,0.0,3.60999989509583,0.0,0,0,215,722,1740,2016-05-01,1.0,411.0,426.0,61.7000007629395,136.025217450139,24.1000003814697,Sunday,False,215,6.85,Lightly Active
6962181067,12912,8.53999996185303,0.0,1.20000004768372,2.0,5.34000015258789,0.0,18,39,313,655,2162,2016-05-02,1.0,466.0,482.0,61.5,135.584291243775,24.0,Monday,False,370,7.77,Very Active
6962181067,12109,8.11999988555908,0.0,1.74000000953674,2.03999996185303,4.32999992370605,0.0,21,36,267,654,2072,2016-05-03,1.0,394.0,418.0,61.0,134.48197993285,23.8199996948242,Tuesday,False,324,6.57,Very Active
6962181067,10147,6.71000003814697,0.0,0.469999998807907,1.67999994754791,4.55000019073486,0.0,15,36,284,683,2086,2016-05-04,1.0,442.0,455.0,61.0999984741211,134.702438831048,23.8500003814697,Wednesday,False,335,7.37,Very Active
6962181067,10524,6.96000003814697,0.0,0.990000009536743,1.1599999666214,4.80999994277954,0.0,14,22,305,591,2066,2016-05-05,1.0,467.0,491.0,61.2999992370605,135.143365037411,23.9300003051758,Thursday,False,341,7.78,Very Active
6962181067,5908,3.91000008583069,0.0,0.0,0.0,3.91000008583069,0.0,0,0,299,717,1850,2016-05-06,1.0,443.0,462.0,61.5,135.584291243775,24.0,Friday,False,299,7.38,Lightly Active
6962181067,6815,4.5,0.0,0.0,0.0,4.5,0.0,0,0,328,745,1947,2016-05-07,1.0,298.0,334.0,61.2000007629395,134.922906139214,23.8899993896484,Saturday,False,328,4.97,Lightly Active
6962181067,4188,2.76999998092651,0.0,0.0,0.519999980926514,2.25,0.0,0,14,151,709,1659,2016-05-08,1.0,541.0,569.0,61.2000007629395,134.922906139214,23.8899993896484,Sunday,False,165,9.02,Sedentary
6962181067,12342,8.72000026702881,3.16782188415527,3.90000009536743,1.17999994754791,3.65000009536743,0.0,43,21,231,607,2105,2016-05-09,1.0,489.0,497.0,62.4000015258789,137.568454967427,24.3500003814697,Monday,False,295,8.15,Very Active
6962181067,15448,10.210000038147,0.0,3.47000002861023,1.75,4.98999977111816,0.0,62,34,275,626,2361,2016-05-10,1.0,469.0,481.0,62.0999984741211,136.907061452898,24.2399997711182,Tuesday,False,371,7.82,Very Active
6962181067,6722,4.44000005722046,0.0,1.49000000953674,0.310000002384186,2.65000009536743,0.0,24,7,199,709,1855,2016-05-11,1.0,452.0,480.0,61.9000015258789,136.466143656502,24.1700000762939,Wednesday,False,230,7.53,Lightly Active
6962181067,3587,2.36999988555908,0.0,0.0,0.25,2.10999989509583,0.0,0,8,105,127,928,2016-05-12,1.0,516.0,535.0,61.9000015258789,136.466143656502,24.1700000762939,Thursday,False,113,8.6,Sedentary
7007744171,14172,10.289999961853,4.8697829246521,4.5,0.379999995231628,5.40999984741211,0.0,53,8,355,1024,2937,2016-04-12,0.0,,,,,,Tuesday,False,416,,Very Active
7007744171,12862,9.64999961853027,4.8513069152832,4.6100001335144,0.560000002384186,4.48000001907349,0.0,56,22,261,1101,2742,2016-04-13,0.0,,,,,,Wednesday,False,339,,Very Active
7007744171,11179,8.23999977111816,3.28541493415833,2.95000004768372,0.340000003576279,4.96000003814697,0.0,34,6,304,1096,2668,2016-04-14,0.0,,,,,,Thursday,False,344,,Very Active
7007744171,5273,3.52999997138977,0.0,0.0,0.0,3.52999997138977,0.0,0,0,202,1238,2098,2016-04-15,0.0,,,,,,Friday,False,202,,Lightly Active
7007744171,4631,3.09999990463257,0.0,0.0,0.0,3.09999990463257,0.0,0,0,203,1155,2076,2016-04-16,1.0,79.0,82.0,,,,Saturday,False,203,1.32,Sedentary
7007744171,8059,5.3899998664856,0.0,0.0,0.0,5.3899998664856,0.0,0,0,305,1135,2383,2016-04-17,0.0,,,,,,Sunday,False,305,,Fairly Active
7007744171,14816,10.9799995422363,4.93055009841919,3.78999996185303,2.11999988555908,5.05000019073486,0.0199999995529652,48,31,284,1077,2832,2016-04-18,0.0,,,,,,Monday,False,363,,Very Active
7007744171,14194,10.4799995422363,4.94214200973511,4.40999984741211,0.759999990463257,5.30999994277954,0.0,53,17,304,1066,2812,2016-04-19,0.0,,,,,,Tuesday,False,374,,Very Active
7007744171,15566,11.3100004196167,4.92484092712402,4.78999996185303,0.670000016689301,5.8600001335144,0.0,60,33,347,1000,3096,2016-04-20,0.0,,,,,,Wednesday,False,440,,Very Active
7007744171,13744,9.1899995803833,0.0,2.15000009536743,1.87000000476837,5.17000007629395,0.0,30,34,327,1049,2763,2016-04-21,0.0,,,,,,Thursday,False,391,,Very Active
7007744171,15299,10.2399997711182,0.0,4.09999990463257,1.75999999046326,4.36999988555908,0.0,64,50,261,1065,2889,2016-04-22,0.0,,,,,,Friday,False,375,,Very Active
7007744171,8093,5.40999984741211,0.0,0.129999995231628,1.12999999523163,4.15000009536743,0.0,2,25,223,1190,2284,2016-04-23,0.0,,,,,,Saturday,False,250,,Fairly Active
7007744171,11085,7.42000007629395,0.0,0.0,0.0,7.42000007629395,0.0,0,0,419,1021,2667,2016-04-24,0.0,,,,,,Sunday,False,419,,Very Active
7007744171,18229,13.3400001525879,4.86179208755493,4.30999994277954,1.37000000476837,7.67000007629395,0.0,51,24,379,986,3055,2016-04-25,0.0,,,,,,Monday,False,454,,Very Active
7007744171,15090,10.1000003814697,0.0,0.930000007152557,0.939999997615814,8.22999954223633,0.0,16,22,424,978,2939,2016-04-26,0.0,,,,,,Tuesday,False,462,,Very Active
7007744171,13541,10.2200002670288,4.88560485839844,4.26999998092651,0.660000026226044,5.28999996185303,0.0,50,12,337,1041,2830,2016-04-27,0.0,,,,,,Wednesday,False,399,,Very Active
7007744171,15128,10.1199998855591,0.0,1.0900000333786,0.769999980926514,8.26000022888184,0.0,16,16,401,1007,2836,2016-04-28,0.0,,,,,,Thursday,False,433,,Very Active
7007744171,20067,14.3000001907349,4.91114616394043,4.30999994277954,2.04999995231628,7.94999980926514,0.0,55,42,382,961,3180,2016-04-29,0.0,,,,,,Friday,False,479,,Very Active
7007744171,3761,2.51999998092651,0.0,0.0,0.0,2.51999998092651,0.0,0,0,200,1240,2051,2016-04-30,0.0,,,,,,Saturday,False,200,,Sedentary
7007744171,5600,3.75,0.0,0.0,0.0,3.75,0.0,0,0,237,1142,2225,2016-05-01,1.0,58.0,61.0,,,,Sunday,False,237,0.97,Lightly Active
7007744171,13041,9.18000030517578,2.83232593536377,4.6399998664856,0.699999988079071,3.82999992370605,0.0,64,14,250,1112,2642,2016-05-02,0.0,,,,,,Monday,False,328,,Very Active
7007744171,14510,10.8699998855591,4.91236782073975,4.48000001907349,1.01999998092651,5.3600001335144,0.0,58,31,330,1021,2976,2016-05-03,0.0,,,,,,Tuesday,False,419,,Very Active
7007744171,0,0.0,0.0,0.0,0.0,0.0,0.0,0,0,0,1440,1557,2016-05-04,0.0,,,,,,Wednesday,True,0,,Sedentary
7007744171,15010,11.1000003814697,4.8782320022583,4.32999992370605,1.28999996185303,5.48000001907349,0.0,53,23,317,1047,2933,2016-05-05,0.0,,,,,,Thursday,False,393,,Very Active
7007744171,11459,7.67000007629395,0.0,3.0,0.810000002384186,3.85999989509583,0.0,44,13,247,1136,2553,2016-05-06,0.0,,,,,,Friday,False,304,,Very Active
7007744171,0,0.0,0.0,0.0,0.0,0.0,0.0,0,0,0,111,120,2016-05-07,0.0,,,,,,Saturday,False,0,,Sedentary
7086361926,11317,8.40999984741211,0.0,5.26999998092651,0.150000005960464,2.97000002861023,0.0,59,6,153,745,2772,2016-04-12,1.0,514.0,525.0,,,,Tuesday,False,218,8.57,Very Active
7086361926,5813,3.61999988555908,0.0,0.560000002384186,0.209999993443489,2.83999991416931,0.0,31,26,155,744,2516,2016-04-13,1.0,451.0,465.0,,,,Wednesday,False,212,7.52,Lightly Active
7086361926,9123,6.11999988555908,0.0,2.02999997138977,0.330000013113022,3.66000008583069,0.0,35,32,189,787,2734,2016-04-14,1.0,472.0,476.0,,,,Thursday,False,256,7.87,Fairly Active
7086361926,8585,5.67000007629395,0.0,2.03999996185303,1.11000001430511,2.52999997138977,0.0,30,21,139,864,2395,2016-04-15,1.0,377.0,386.0,,,,Friday,False,190,6.28,Fairly Active
7086361926,31,0.0099999997764825,0.0,0.0,0.0,0.0099999997764825,0.0,0,0,3,1437,1635,2016-04-16,0.0,,,,,,Saturday,False,3,,Sedentary
7086361926,0,0.0,0.0,0.0,0.0,0.0,0.0,0,0,0,1440,1629,2016-04-17,0.0,,,,,,Sunday,True,0,,Sedentary
7086361926,9827,6.71000003814697,0.0,3.17000007629395,1.22000002861023,2.30999994277954,0.0,61,51,114,1136,2743,2016-04-18,0.0,,,,,,Monday,False,226,,Fairly Active
7086361926,10688,7.28999996185303,0.0,3.52999997138977,1.23000001907349,2.50999999046326,0.0,67,69,124,671,2944,2016-04-19,1.0,472.0,483.0,,,,Tuesday,False,260,7.87,Very Active
7086361926,14365,10.6400003433228,0.0,7.6399998664856,0.449999988079071,2.53999996185303,0.0,87,13,145,797,2997,2016-04-20,1.0,492.0,502.0,,,,Wednesday,False,245,8.2,Very Active
7086361926,9469,6.17999982833862,0.0,1.36000001430511,0.300000011920929,4.51000022888184,0.0,19,6,206,758,2463,2016-04-21,1.0,390.0,411.0,,,,Thursday,False,231,6.5,Fairly Active
7086361926,9753,6.53000020980835,0.0,2.86999988555908,0.970000028610229,2.67000007629395,0.0,58,59,153,762,2846,2016-04-22,1.0,428.0,448.0,,,,Friday,False,270,7.13,Fairly Active
7086361926,2817,1.80999994277954,0.0,0.0,0.0,1.79999995231628,0.0,0,0,90,1350,1965,2016-04-23,0.0,,,,,,Saturday,False,90,,Sedentary
7086361926,3520,2.16000008583069,0.0,0.0,0.0,2.15000009536743,0.0,0,0,125,566,2049,2016-04-24,1.0,681.0,704.0,,,,Sunday,False,125,11.35,Sedentary
7086361926,10091,6.82000017166138,0.0,3.75,0.699999988079071,2.36999988555908,0.0,69,39,129,706,2752,2016-04-25,1.0,446.0,447.0,,,,Monday,False,237,7.43,Very Active
7086361926,10387,7.07000017166138,0.0,4.15999984741211,0.769999980926514,2.11999988555908,0.0,70,33,132,726,2781,2016-04-26,1.0,485.0,500.0,,,,Tuesday,False,235,8.08,Very Active
7086361926,11107,8.34000015258789,0.0,5.63000011444092,0.180000007152557,2.52999997138977,0.0,55,6,145,829,2693,2016-04-27,1.0,469.0,479.0,,,,Wednesday,False,206,7.82,Very Active
7086361926,11584,7.80000019073486,0.0,2.78999996185303,1.63999998569489,3.35999989509583,0.0,54,48,161,810,2862,2016-04-28,1.0,354.0,367.0,,,,Thursday,False,263,5.9,Very Active
7086361926,7881,4.94999980926514,0.0,0.490000009536743,0.449999988079071,4.0,0.0,24,36,182,1198,2616,2016-04-29,0.0,,,,,,Friday,False,242,,Fairly Active
7086361926,14560,9.40999984741211,0.0,3.11999988555908,1.03999996185303,5.23999977111816,0.0,42,17,308,584,2995,2016-04-30,1.0,485.0,489.0,,,,Saturday,False,367,8.08,Very Active
7086361926,12390,8.06999969482422,0.0,2.29999995231628,0.899999976158142,4.84999990463257,0.0,30,15,258,685,2730,2016-05-01,1.0,388.0,407.0,,,,Sunday,False,303,6.47,Very Active
7086361926,10052,6.80999994277954,0.0,3.48000001907349,0.660000026226044,2.66000008583069,0.0,66,26,139,737,2754,2016-05-02,1.0,440.0,459.0,,,,Monday,False,231,7.33,Very Active
7086361926,10288,6.76000022888184,0.0,2.74000000953674,0.850000023841858,3.16000008583069,0.0,57,36,152,761,2754,2016-05-03,1.0,456.0,461.0,,,,Tuesday,False,245,7.6,Very Active
7086361926,10988,8.3100004196167,0.0,5.28000020980835,0.119999997317791,2.90000009536743,0.0,45,12,135,843,2655,2016-05-04,1.0,420.0,436.0,,,,Wednesday,False,192,7.0,Very Active
7086361926,8564,5.59999990463257,0.0,1.77999997138977,0.829999983310699,2.95000004768372,0.0,24,14,149,1253,2386,2016-05-05,0.0,,,,,,Thursday,False,187,,Fairly Active
7086361926,12461,8.38000011444092,0.0,3.8199999332428,1.42999994754791,3.11999988555908,0.0,84,35,154,834,2924,2016-05-06,1.0,322.0,333.0,,,,Friday,False,273,5.37,Very Active
7086361926,12827,8.47999954223633,0.0,1.46000003814697,2.32999992370605,4.67999982833862,0.0,20,42,209,621,2739,2016-05-07,1.0,530.0,548.0,,,,Saturday,False,271,8.83,Very Active
7086361926,10677,7.09999990463257,0.0,2.30999994277954,1.52999997138977,3.25,0.0,32,27,147,695,2534,2016-05-08,1.0,481.0,510.0,,,,Sunday,False,206,8.02,Very Active
7086361926,13566,9.10999965667725,0.0,4.26000022888184,1.71000003814697,3.11999988555908,0.0,67,50,171,743,2960,2016-05-09,1.0,427.0,438.0,,,,Monday,False,288,7.12,Very Active
7086361926,14433,10.789999961853,0.0,7.1100001335144,1.20000004768372,2.45000004768372,0.0,72,23,106,1182,2800,2016-05-10,0.0,,,,,,Tuesday,False,201,,Very Active
7086361926,9572,6.51999998092651,0.0,2.89000010490417,1.38999998569489,2.23000001907349,0.0,57,40,128,757,2735,2016-05-11,1.0,451.0,463.0,,,,Wednesday,False,225,7.52,Fairly Active
7086361926,3789,2.55999994277954,0.0,0.379999995231628,0.270000010728836,1.88999998569489,0.0,5,4,58,343,1199,2016-05-12,1.0,444.0,457.0,,,,Thursday,False,67,7.4,Sedentary
8053475328,18060,14.1199998855591,0.0,11.6400003433228,0.389999985694885,2.09999990463257,0.0,116,8,123,1193,3186,2016-04-12,0.0,,,,,,Tuesday,False,247,,Very Active
8053475328,16433,13.3500003814697,0.0,10.4300003051758,0.469999998807907,2.45000004768372,0.0,95,12,156,1177,3140,2016-04-13,0.0,,,,,,Wednesday,False,263,,Very Active
8053475328,20159,15.9700002670288,0.0,12.3400001525879,0.209999993443489,3.35999989509583,0.0,119,5,193,1123,3411,2016-04-14,0.0,,,,,,Thursday,False,317,,Very Active
8053475328,20669,16.2399997711182,0.0,13.2600002288818,0.389999985694885,2.58999991416931,0.0,132,8,158,1142,3410,2016-04-15,0.0,,,,,,Friday,False,298,,Very Active
8053475328,14549,11.1099996566772,0.0,9.35999965667725,0.270000010728836,1.49000000953674,0.0,96,6,83,1255,2867,2016-04-16,0.0,,,,,,Saturday,False,185,,Very Active
8053475328,18827,13.6899995803833,0.0,9.23999977111816,0.800000011920929,3.64000010490417,0.0,111,21,195,1113,3213,2016-04-17,0.0,,,,,,Sunday,False,327,,Very Active
8053475328,17076,12.6599998474121,0.0,9.07999992370605,0.230000004172325,3.34999990463257,0.0,102,6,195,1137,3133,2016-04-18,0.0,,,,,,Monday,False,303,,Very Active
8053475328,15929,12.4799995422363,0.0,9.22000026702881,0.310000002384186,2.95000004768372,0.0,90,7,191,1152,3114,2016-04-19,0.0,,,,,,Tuesday,False,288,,Very Active
8053475328,15108,12.1899995803833,0.0,9.57999992370605,0.230000004172325,2.38000011444092,0.0,89,5,158,695,3043,2016-04-20,1.0,486.0,493.0,,,,Wednesday,False,252,8.1,Very Active
8053475328,16057,12.5100002288818,0.0,9.67000007629395,0.25,2.57999992370605,0.0,100,6,170,1164,3103,2016-04-21,0.0,,,,,,Thursday,False,276,,Very Active
8053475328,10520,8.28999996185303,0.0,6.26000022888184,0.150000005960464,1.87999999523163,0.0,60,3,117,1260,2655,2016-04-22,0.0,,,,,,Friday,False,180,,Very Active
8053475328,22359,17.1900005340576,0.0,12.539999961853,0.629999995231628,4.01999998092651,0.0,125,14,223,741,3554,2016-04-23,1.0,331.0,337.0,,,,Saturday,False,362,5.52,Very Active
8053475328,22988,17.9500007629395,0.0,13.1300001144409,1.54999995231628,3.25999999046326,0.0,129,33,182,1096,3577,2016-04-24,0.0,,,,,,Sunday,False,344,,Very Active
8053475328,20500,15.6899995803833,0.0,11.3699998855591,0.46000000834465,3.85999989509583,0.0,118,9,209,1104,3403,2016-04-25,0.0,,,,,,Monday,False,336,,Very Active
8053475328,12685,9.61999988555908,0.0,6.30999994277954,0.200000002980232,3.09999990463257,0.0,68,5,185,1182,2846,2016-04-26,0.0,,,,,,Tuesday,False,258,,Very Active
8053475328,12422,9.81999969482422,0.0,6.46000003814697,0.430000007152557,2.9300000667572,0.0,60,10,183,1187,2852,2016-04-27,0.0,,,,,,Wednesday,False,253,,Very Active
8053475328,15447,12.3999996185303,0.0,9.67000007629395,0.389999985694885,2.34999990463257,0.0,90,9,153,1188,3062,2016-04-28,0.0,,,,,,Thursday,False,252,,Very Active
8053475328,12315,9.64999961853027,0.0,6.17000007629395,0.310000002384186,3.17000007629395,0.0,58,8,159,1215,2794,2016-04-29,0.0,,,,,,Friday,False,225,,Very Active
8053475328,7135,5.59000015258789,0.0,2.99000000953674,0.0599999986588955,2.53999996185303,0.0,27,1,131,1281,2408,2016-04-30,0.0,,,,,,Saturday,False,159,,Lightly Active
8053475328,1170,0.850000023841858,0.0,0.0,0.0,0.850000023841858,0.0,0,0,51,1389,1886,2016-05-01,0.0,,,,,,Sunday,False,51,,Sedentary
8053475328,1969,1.42999994754791,0.0,0.0,0.0,1.42999994754791,0.0,0,0,95,1345,1988,2016-05-02,0.0,,,,,,Monday,False,95,,Sedentary
8053475328,15484,11.8999996185303,0.0,8.39000034332275,0.930000007152557,2.58999991416931,0.0,87,22,165,1166,3023,2016-05-03,0.0,,,,,,Tuesday,False,274,,Very Active
8053475328,14581,11.1499996185303,0.0,8.81999969482422,0.400000005960464,1.9099999666214,0.0,89,8,123,1220,2918,2016-05-04,0.0,,,,,,Wednesday,False,220,,Very Active
8053475328,14990,11.5100002288818,0.0,8.85000038146973,0.449999988079071,2.21000003814697,0.0,93,9,130,1208,2950,2016-05-05,0.0,,,,,,Thursday,False,232,,Very Active
8053475328,13953,11.0,0.0,9.10000038146973,0.689999997615814,1.21000003814697,0.0,90,15,90,1245,2859,2016-05-06,0.0,,,,,,Friday,False,195,,Very Active
8053475328,19769,15.6700000762939,0.0,12.4399995803833,0.879999995231628,2.34999990463257,0.0,121,20,148,1076,3331,2016-05-07,1.0,74.0,75.0,,,,Saturday,False,289,1.23,Very Active
8053475328,22026,17.6499996185303,0.0,13.3999996185303,0.589999973773956,3.66000008583069,0.0,125,14,228,1073,3589,2016-05-08,0.0,,,,,,Sunday,False,367,,Very Active
8053475328,12465,9.38000011444092,0.0,6.11999988555908,0.569999992847443,2.69000005722046,0.0,66,12,148,1214,2765,2016-05-09,0.0,,,,,,Monday,False,226,,Very Active
8053475328,14810,11.3599996566772,0.0,9.09000015258789,0.419999986886978,1.85000002384186,0.0,96,10,115,1219,2926,2016-05-10,0.0,,,,,,Tuesday,False,221,,Very Active
8053475328,12209,9.39999961853027,0.0,6.07999992370605,0.280000001192093,3.03999996185303,0.0,60,7,184,1189,2809,2016-05-11,0.0,,,,,,Wednesday,False,251,,Very Active
8053475328,4998,3.91000008583069,0.0,2.95000004768372,0.200000002980232,0.759999990463257,0.0,28,4,39,839,1505,2016-05-12,0.0,,,,,,Thursday,False,71,,Sedentary
8253242879,9033,7.15999984741211,0.0,5.42999982833862,0.140000000596046,1.5900000333786,0.0,40,2,154,1244,2044,2016-04-12,0.0,,,,,,Tuesday,False,196,,Fairly Active
8253242879,8053,6.09999990463257,0.0,4.17000007629395,0.629999995231628,1.30999994277954,0.0,35,11,96,1298,1935,2016-04-13,0.0,,,,,,Wednesday,False,142,,Fairly Active
8253242879,5234,3.46000003814697,0.0,1.92999994754791,0.990000009536743,0.540000021457672,0.0,29,16,33,1362,1705,2016-04-14,0.0,,,,,,Thursday,False,78,,Lightly Active
8253242879,2672,1.76999998092651,0.0,0.0,0.0,1.75999999046326,0.0,0,0,105,1335,1632,2016-04-15,0.0,,,,,,Friday,False,105,,Sedentary
8253242879,9256,6.1399998664856,0.0,0.430000007152557,3.26999998092651,2.45000004768372,0.0,6,51,115,1268,1880,2016-04-16,0.0,,,,,,Saturday,False,172,,Fairly Active
8253242879,10204,7.90999984741211,0.0,5.42999982833862,0.150000005960464,2.32999992370605,0.0,41,5,157,1237,2112,2016-04-17,0.0,,,,,,Sunday,False,203,,Very Active
8253242879,5151,3.48000001907349,0.0,1.03999996185303,0.629999995231628,1.79999995231628,0.0,16,16,130,1278,1829,2016-04-18,0.0,,,,,,Monday,False,162,,Lightly Active
8253242879,4212,2.77999997138977,0.0,0.0,0.0,2.77999997138977,0.0,0,0,164,1276,1763,2016-04-19,0.0,,,,,,Tuesday,False,164,,Sedentary
8253242879,6466,4.26999998092651,0.0,0.330000013113022,0.819999992847443,3.10999989509583,0.0099999997764825,5,18,216,1201,1931,2016-04-20,0.0,,,,,,Wednesday,False,239,,Lightly Active
8253242879,11268,8.5600004196167,0.0,5.88000011444092,0.930000007152557,1.75,0.0,49,20,172,1199,2218,2016-04-21,0.0,,,,,,Thursday,False,241,,Very Active
8253242879,2824,1.87000000476837,0.0,0.0,0.0,1.87000000476837,0.0,0,0,120,1320,1651,2016-04-22,0.0,,,,,,Friday,False,120,,Sedentary
8253242879,9282,6.26000022888184,0.0,2.08999991416931,1.03999996185303,3.13000011444092,0.0,30,26,191,1193,2132,2016-04-23,0.0,,,,,,Saturday,False,247,,Fairly Active
8253242879,8905,7.13000011444092,0.0,5.59999990463257,0.189999997615814,1.3400000333786,0.0,41,4,82,1313,1976,2016-04-24,0.0,,,,,,Sunday,False,127,,Fairly Active
8253242879,6829,4.51000022888184,0.0,0.360000014305115,2.39000010490417,1.76999998092651,0.0,7,54,118,1261,1909,2016-04-25,0.0,,,,,,Monday,False,179,,Lightly Active
8253242879,4562,3.03999996185303,0.0,1.17999994754791,0.490000009536743,1.37000000476837,0.0,19,14,108,1299,1813,2016-04-26,0.0,,,,,,Tuesday,False,141,,Sedentary
8253242879,10232,8.18000030517578,0.0,6.23999977111816,0.230000004172325,1.70000004768372,0.0,45,5,104,1286,2008,2016-04-27,0.0,,,,,,Wednesday,False,154,,Very Active
8253242879,2718,1.79999995231628,0.0,0.670000016689301,0.779999971389771,0.340000003576279,0.0,11,16,20,1393,1580,2016-04-28,0.0,,,,,,Thursday,False,47,,Sedentary
8253242879,6260,4.26000022888184,0.0,1.28999996185303,0.540000021457672,2.40000009536743,0.0,16,14,136,1257,1854,2016-04-29,0.0,,,,,,Friday,False,166,,Lightly Active
8253242879,0,0.0,0.0,0.0,0.0,0.0,0.0,0,0,0,1440,0,2016-04-30,0.0,,,,,,Saturday,True,0,,Sedentary
8378563200,7626,6.05000019073486,2.25308108329773,0.829999983310699,0.709999978542328,4.5,0.0,65,15,156,723,3635,2016-04-12,1.0,338.0,356.0,,,,Tuesday,False,236,5.63,Fairly Active
8378563200,12386,9.81999969482422,2.0921471118927,4.96000003814697,0.649999976158142,4.21000003814697,0.0,116,14,169,680,4079,2016-04-13,2.0,447.0,487.0,,,,Wednesday,False,299,7.45,Very Active
8378563200,13318,10.5600004196167,2.25308108329773,5.61999988555908,1.02999997138977,3.91000008583069,0.0,123,21,174,699,4163,2016-04-14,1.0,424.0,455.0,,,,Thursday,False,318,7.07,Very Active
8378563200,14461,11.4700002670288,0.0,4.90999984741211,1.14999997615814,5.40999984741211,0.0,60,23,190,729,3666,2016-04-15,1.0,513.0,533.0,,,,Friday,False,273,8.55,Very Active
8378563200,11207,8.89000034332275,0.0,5.36999988555908,1.07000005245209,2.44000005722046,0.0,64,21,142,563,3363,2016-04-16,2.0,611.0,689.0,,,,Saturday,False,227,10.18,Very Active
8378563200,2132,1.69000005722046,0.0,0.0,0.0,1.69000005722046,0.0,0,0,93,599,2572,2016-04-17,2.0,525.0,591.0,,,,Sunday,False,93,8.75,Sedentary
8378563200,13630,10.8100004196167,2.0921471118927,5.05000019073486,0.560000002384186,5.19999980926514,0.0,117,10,174,720,4157,2016-04-18,1.0,398.0,451.0,,,,Monday,False,301,6.63,Very Active
8378563200,13070,10.3599996566772,2.25308108329773,5.30000019073486,0.879999995231628,4.17999982833862,0.0,120,19,154,737,4092,2016-04-19,1.0,387.0,421.0,,,,Tuesday,False,293,6.45,Very Active
8378563200,9388,7.44000005722046,2.0921471118927,2.23000001907349,0.439999997615814,4.78000020980835,0.0,82,8,169,763,3787,2016-04-20,1.0,381.0,409.0,,,,Wednesday,False,259,6.35,Fairly Active
8378563200,15148,12.0100002288818,2.25308108329773,6.90000009536743,0.819999992847443,4.28999996185303,0.0,137,16,145,677,4236,2016-04-21,1.0,396.0,417.0,,,,Thursday,False,298,6.6,Very Active
8378563200,12200,9.67000007629395,2.0921471118927,4.90999984741211,0.589999973773956,4.17999982833862,0.0,113,12,159,769,4044,2016-04-22,1.0,441.0,469.0,,,,Friday,False,284,7.35,Very Active
8378563200,5709,4.53000020980835,0.0,1.51999998092651,0.519999980926514,2.48000001907349,0.0,19,10,136,740,2908,2016-04-23,1.0,565.0,591.0,,,,Saturday,False,165,9.42,Lightly Active
8378563200,3703,2.94000005722046,0.0,0.0,0.0,2.94000005722046,0.0,0,0,135,734,2741,2016-04-24,1.0,458.0,492.0,,,,Sunday,False,135,7.63,Sedentary
8378563200,12405,9.84000015258789,2.0921471118927,5.05000019073486,0.870000004768372,3.92000007629395,0.0,117,16,141,692,4005,2016-04-25,1.0,388.0,402.0,,,,Monday,False,274,6.47,Very Active
8378563200,16208,12.8500003814697,0.0,7.51000022888184,0.920000016689301,4.42000007629395,0.0,90,18,161,593,3763,2016-04-26,1.0,550.0,584.0,,,,Tuesday,False,269,9.17,Very Active
8378563200,7359,5.84000015258789,0.0,0.330000013113022,0.180000007152557,5.32999992370605,0.0,4,4,192,676,3061,2016-04-27,1.0,531.0,600.0,,,,Wednesday,False,200,8.85,Lightly Active
8378563200,5417,4.30000019073486,0.0,0.899999976158142,0.490000009536743,2.91000008583069,0.0,11,10,139,711,2884,2016-04-28,1.0,506.0,556.0,,,,Thursday,False,160,8.43,Lightly Active
8378563200,6175,4.90000009536743,0.0,0.25,0.360000014305115,4.26999998092651,0.0,3,7,172,767,2982,2016-04-29,1.0,527.0,562.0,,,,Friday,False,182,8.78,Lightly Active
8378563200,2946,2.33999991416931,0.0,0.0,0.0,2.33999991416931,0.0,0,0,121,780,2660,2016-04-30,1.0,468.0,555.0,,,,Saturday,False,121,7.8,Sedentary
8378563200,11419,9.0600004196167,0.0,6.03000020980835,0.560000002384186,2.47000002861023,0.0,71,10,127,669,3369,2016-05-01,1.0,475.0,539.0,,,,Sunday,False,208,7.92,Very Active
8378563200,6064,4.80999994277954,2.0921471118927,0.629999995231628,0.170000001788139,4.01000022888184,0.0,63,4,142,802,3491,2016-05-02,1.0,351.0,385.0,,,,Monday,False,209,5.85,Lightly Active
8378563200,8712,6.90999984741211,2.25308108329773,1.3400000333786,1.05999994277954,4.5,0.0,71,20,195,822,3784,2016-05-03,1.0,405.0,429.0,,,,Tuesday,False,286,6.75,Fairly Active
8378563200,7875,6.23999977111816,0.0,1.55999994277954,0.490000009536743,4.19999980926514,0.0,19,10,167,680,3110,2016-05-04,1.0,441.0,477.0,,,,Wednesday,False,196,7.35,Fairly Active
8378563200,8567,6.78999996185303,2.25308108329773,0.889999985694885,0.159999996423721,5.73999977111816,0.0,66,3,214,764,3783,2016-05-05,1.0,381.0,417.0,,,,Thursday,False,283,6.35,Fairly Active
8378563200,7045,5.59000015258789,2.0921471118927,1.54999995231628,0.25,3.77999997138977,0.0,74,5,166,831,3644,2016-05-06,1.0,323.0,355.0,,,,Friday,False,245,5.38,Lightly Active
8378563200,4468,3.53999996185303,0.0,0.0,0.0,3.53999996185303,0.0,0,0,158,851,2799,2016-05-07,2.0,459.0,513.0,,,,Saturday,False,158,7.65,Sedentary
8378563200,2943,2.32999992370605,0.0,0.0,0.0,2.32999992370605,0.0,0,0,139,621,2685,2016-05-08,1.0,545.0,606.0,,,,Sunday,False,139,9.08,Sedentary
8378563200,8382,6.65000009536743,2.0921471118927,1.26999998092651,0.660000026226044,4.71999979019165,0.0,71,13,171,772,3721,2016-05-09,1.0,359.0,399.0,,,,Monday,False,255,5.98,Fairly Active
8378563200,6582,5.21999979019165,2.25308108329773,0.660000026226044,0.639999985694885,3.92000007629395,0.0,63,13,152,840,3586,2016-05-10,1.0,342.0,391.0,,,,Tuesday,False,228,5.7,Lightly Active
8378563200,9143,7.25,2.0921471118927,1.38999998569489,0.589999973773956,5.26999998092651,0.0,72,10,184,763,3788,2016-05-11,1.0,368.0,387.0,,,,Wednesday,False,266,6.13,Fairly Active
8378563200,4561,3.61999988555908,0.0,0.649999976158142,0.270000010728836,2.69000005722046,0.0,8,6,102,433,1976,2016-05-12,1.0,496.0,546.0,,,,Thursday,False,116,8.27,Sedentary
8583815059,5014,3.91000008583069,0.0,0.0,0.330000013113022,3.57999992370605,0.0,0,7,196,1237,2650,2016-04-12,0.0,,,,,,Tuesday,False,203,,Lightly Active
8583815059,5571,4.34999990463257,0.0,0.150000005960464,0.970000028610229,3.23000001907349,0.0,2,23,163,1252,2654,2016-04-13,0.0,,,,,,Wednesday,False,188,,Lightly Active
8583815059,3135,2.45000004768372,0.0,0.0,0.0,2.4300000667572,0.0,0,0,134,1306,2443,2016-04-14,0.0,,,,,,Thursday,False,134,,Sedentary
8583815059,3430,2.6800000667572,0.0,0.0,0.0,0.899999976158142,0.0,0,0,65,1375,2505,2016-04-15,0.0,,,,,,Friday,False,65,,Sedentary
8583815059,5319,4.15000009536743,0.0,0.0,0.0,0.0,0.0,0,0,0,1440,2693,2016-04-16,0.0,,,,,,Saturday,False,0,,Lightly Active
8583815059,3008,2.34999990463257,0.0,0.0,0.0,0.0,0.0,0,0,0,1440,2439,2016-04-17,0.0,,,,,,Sunday,False,0,,Sedentary
8583815059,3864,3.00999999046326,0.0,0.310000002384186,1.05999994277954,1.35000002384186,0.0,4,22,105,1309,2536,2016-04-18,0.0,,,,,,Monday,False,131,,Sedentary
8583815059,5697,4.44000005722046,0.0,0.529999971389771,0.479999989271164,3.44000005722046,0.0,7,10,166,1257,2668,2016-04-19,0.0,,,,,,Tuesday,False,183,,Lightly Active
8583815059,5273,4.1100001335144,0.0,0.0,1.03999996185303,3.0699999332428,0.0,0,27,167,1246,2647,2016-04-20,0.0,,,,,,Wednesday,False,194,,Lightly Active
8583815059,8538,6.65999984741211,0.0,2.63000011444092,1.01999998092651,3.00999999046326,0.0,35,18,158,1229,2883,2016-04-21,0.0,,,,,,Thursday,False,211,,Fairly Active
8583815059,8687,6.78000020980835,0.0,0.28999999165535,2.41000008583069,4.07999992370605,0.0,4,54,212,1170,2944,2016-04-22,0.0,,,,,,Friday,False,270,,Fairly Active
8583815059,9423,7.34999990463257,0.0,0.529999971389771,2.02999997138977,4.75,0.0,7,44,238,1151,3012,2016-04-23,0.0,,,,,,Saturday,False,289,,Fairly Active
8583815059,8286,6.46000003814697,0.0,0.150000005960464,2.04999995231628,4.26999998092651,0.0,2,44,206,1188,2889,2016-04-24,0.0,,,,,,Sunday,False,252,,Fairly Active
8583815059,4503,3.50999999046326,0.0,1.47000002861023,0.239999994635582,1.80999994277954,0.0,18,6,122,1294,2547,2016-04-25,0.0,,,,,,Monday,False,146,,Sedentary
8583815059,10499,8.1899995803833,0.0,0.0700000002980232,4.21999979019165,3.89000010490417,0.0,1,91,214,1134,3093,2016-04-26,0.0,,,,,,Tuesday,False,306,,Very Active
8583815059,12474,9.72999954223633,0.0,6.59999990463257,0.270000010728836,2.86999988555908,0.0,77,5,129,1229,3142,2016-04-27,0.0,,,,,,Wednesday,False,211,,Very Active
8583815059,6174,4.82000017166138,0.0,0.0,1.20000004768372,3.60999989509583,0.0,0,28,203,1209,2757,2016-04-28,0.0,,,,,,Thursday,False,231,,Lightly Active
8583815059,15168,11.8299999237061,0.0,3.90000009536743,3.0,4.92000007629395,0.0,46,67,258,1069,3513,2016-04-29,0.0,,,,,,Friday,False,371,,Very Active
8583815059,10085,7.86999988555908,0.0,0.150000005960464,1.27999997138977,6.42999982833862,0.0,2,28,317,1093,3164,2016-04-30,0.0,,,,,,Saturday,False,347,,Very Active
8583815059,4512,3.51999998092651,0.0,0.779999971389771,0.119999997317791,2.03999996185303,0.0,10,2,117,1311,2596,2016-05-01,0.0,,,,,,Sunday,False,129,,Sedentary
8583815059,8469,6.6100001335144,0.0,0.0,0.0,0.0,0.0,0,0,0,1440,2894,2016-05-02,0.0,,,,,,Monday,False,0,,Fairly Active
8583815059,12015,9.36999988555908,0.0,0.0,0.0,0.0,0.0,0,0,0,1440,3212,2016-05-03,0.0,,,,,,Tuesday,False,0,,Very Active
8583815059,3588,2.79999995231628,0.0,0.0,0.0,0.0,0.0,0,0,0,1440,2516,2016-05-04,0.0,,,,,,Wednesday,False,0,,Sedentary
8583815059,12427,9.6899995803833,0.0,0.0,0.0,1.17999994754791,0.0,0,0,70,1370,3266,2016-05-05,0.0,,,,,,Thursday,False,70,,Very Active
8583815059,5843,4.55999994277954,0.0,0.140000000596046,1.19000005722046,3.23000001907349,0.0,2,22,166,1250,2683,2016-05-06,0.0,,,,,,Friday,False,190,,Lightly Active
8583815059,6117,4.76999998092651,0.0,0.0,0.0,4.76999998092651,0.0,0,0,250,1190,2810,2016-05-07,0.0,,,,,,Saturday,False,250,,Lightly Active
8583815059,9217,7.19000005722046,0.0,0.219999998807907,3.30999994277954,3.66000008583069,0.0,3,72,182,1183,2940,2016-05-08,0.0,,,,,,Sunday,False,257,,Fairly Active
8583815059,9877,7.69999980926514,0.0,5.76000022888184,0.170000001788139,1.73000001907349,0.0,66,4,110,1260,2947,2016-05-09,0.0,,,,,,Monday,False,180,,Fairly Active
8583815059,8240,6.42999982833862,0.0,0.689999997615814,2.00999999046326,3.72000002861023,0.0,9,43,162,1226,2846,2016-05-10,0.0,,,,,,Tuesday,False,214,,Fairly Active
8583815059,8701,6.78999996185303,0.0,0.370000004768372,3.24000000953674,3.17000007629395,0.0,5,71,177,1106,2804,2016-05-11,0.0,,,,,,Wednesday,False,253,,Fairly Active
8583815059,0,0.0,0.0,0.0,0.0,0.0,0.0,0,0,0,1440,0,2016-05-12,0.0,,,,,,Thursday,True,0,,Sedentary
8792009665,2564,1.63999998569489,0.0,0.0,0.0,1.63999998569489,0.0,0,0,116,831,2044,2016-04-12,1.0,458.0,493.0,,,,Tuesday,False,116,7.63,Sedentary
8792009665,1320,0.839999973773956,0.0,0.0,0.0,0.839999973773956,0.0,0,0,82,806,1934,2016-04-13,1.0,531.0,552.0,,,,Wednesday,False,82,8.85,Sedentary
8792009665,1219,0.779999971389771,0.0,0.0,0.0,0.779999971389771,0.0,0,0,84,853,1963,2016-04-14,1.0,486.0,503.0,,,,Thursday,False,84,8.1,Sedentary
8792009665,2483,1.5900000333786,0.0,0.0,0.0,1.5900000333786,0.0,0,0,126,937,2009,2016-04-15,1.0,363.0,377.0,,,,Friday,False,126,6.05,Sedentary
8792009665,244,0.159999996423721,0.0,0.0,0.0,0.159999996423721,0.0,0,0,12,1428,1721,2016-04-16,0.0,,,,,,Saturday,False,12,,Sedentary
8792009665,0,0.0,0.0,0.0,0.0,0.0,0.0,0,0,0,1440,1688,2016-04-17,0.0,,,,,,Sunday,True,0,,Sedentary
8792009665,0,0.0,0.0,0.0,0.0,0.0,0.0,0,0,0,1440,1688,2016-04-18,0.0,,,,,,Monday,True,0,,Sedentary
8792009665,0,0.0,0.0,0.0,0.0,0.0,0.0,0,0,0,1440,1688,2016-04-19,0.0,,,,,,Tuesday,True,0,,Sedentary
8792009665,3147,2.00999999046326,0.0,0.0,0.280000001192093,1.74000000953674,0.0,0,10,139,744,2188,2016-04-20,1.0,528.0,547.0,,,,Wednesday,False,149,8.8,Sedentary
8792009665,144,0.0900000035762787,0.0,0.0,0.0,0.0900000035762787,0.0,0,0,9,1431,1720,2016-04-21,0.0,,,,,,Thursday,False,9,,Sedentary
8792009665,4068,2.59999990463257,0.0,0.0500000007450581,0.280000001192093,2.26999998092651,0.0,1,20,195,817,2419,2016-04-22,1.0,391.0,407.0,,,,Friday,False,216,6.52,Sedentary
8792009665,5245,3.35999989509583,0.0,0.159999996423721,0.439999997615814,2.75,0.0,8,45,232,795,2748,2016-04-23,1.0,339.0,360.0,,,,Saturday,False,285,5.65,Lightly Active
8792009665,400,0.259999990463257,0.0,0.0399999991059303,0.0500000007450581,0.159999996423721,0.0,3,8,19,1410,1799,2016-04-24,0.0,,,,,,Sunday,False,30,,Sedentary
8792009665,0,0.0,0.0,0.0,0.0,0.0,0.0,0,0,0,1440,1688,2016-04-25,0.0,,,,,,Monday,True,0,,Sedentary
8792009665,1321,0.850000023841858,0.0,0.0,0.0,0.850000023841858,0.0,0,0,80,1360,1928,2016-04-26,0.0,,,,,,Tuesday,False,80,,Sedentary
8792009665,1758,1.12999999523163,0.0,0.0,0.0,1.12999999523163,0.0,0,0,112,900,2067,2016-04-27,1.0,423.0,428.0,,,,Wednesday,False,112,7.05,Sedentary
8792009665,6157,3.94000005722046,0.0,0.0,0.0,3.94000005722046,0.0,0,0,310,714,2780,2016-04-28,1.0,402.0,416.0,,,,Thursday,False,310,6.7,Lightly Active
8792009665,8360,5.34999990463257,0.0,0.140000000596046,0.280000001192093,4.92999982833862,0.0,6,14,380,634,3101,2016-04-29,1.0,398.0,406.0,,,,Friday,False,400,6.63,Fairly Active
8792009665,7174,4.59000015258789,0.0,0.330000013113022,0.360000014305115,3.91000008583069,0.0,10,20,301,749,2896,2016-04-30,1.0,343.0,360.0,,,,Saturday,False,331,5.72,Lightly Active
8792009665,1619,1.03999996185303,0.0,0.0,0.0,1.03999996185303,0.0,0,0,79,834,1962,2016-05-01,1.0,503.0,527.0,,,,Sunday,False,79,8.38,Sedentary
8792009665,1831,1.16999995708466,0.0,0.0,0.0,1.16999995708466,0.0,0,0,101,916,2015,2016-05-02,1.0,415.0,423.0,,,,Monday,False,101,6.92,Sedentary
8792009665,2421,1.54999995231628,0.0,0.0,0.0,1.54999995231628,0.0,0,0,156,739,2297,2016-05-03,1.0,516.0,545.0,,,,Tuesday,False,156,8.6,Sedentary
8792009665,2283,1.46000003814697,0.0,0.0,0.0,1.46000003814697,0.0,0,0,129,848,2067,2016-05-04,1.0,439.0,463.0,,,,Wednesday,False,129,7.32,Sedentary
8792009665,0,0.0,0.0,0.0,0.0,0.0,0.0,0,0,0,1440,1688,2016-05-05,0.0,,,,,,Thursday,True,0,,Sedentary
8792009665,0,0.0,0.0,0.0,0.0,0.0,0.0,0,0,0,1440,1688,2016-05-06,0.0,,,,,,Friday,True,0,,Sedentary
8792009665,0,0.0,0.0,0.0,0.0,0.0,0.0,0,0,0,1440,1688,2016-05-07,0.0,,,,,,Saturday,True,0,,Sedentary
8792009665,0,0.0,0.0,0.0,0.0,0.0,0.0,0,0,0,1440,1688,2016-05-08,0.0,,,,,,Sunday,True,0,,Sedentary
8792009665,0,0.0,0.0,0.0,0.0,0.0,0.0,0,0,0,1440,1688,2016-05-09,0.0,,,,,,Monday,True,0,,Sedentary
8792009665,0,0.0,0.0,0.0,0.0,0.0,0.0,0,0,0,48,57,2016-05-10,0.0,,,,,,Tuesday,False,0,,Sedentary
8877689391,23186,20.3999996185303,0.0,12.2200002670288,0.340000003576279,7.82000017166138,0.0,85,7,312,1036,3921,2016-04-12,0.0,,,85.8000030517578,189.156627682704,25.6800003051758,Tuesday,False,404,,Very Active
8877689391,15337,9.57999992370605,0.0,3.54999995231628,0.379999995231628,5.6399998664856,0.0,108,18,216,1098,3566,2016-04-13,0.0,,,84.9000015258789,187.172463959052,25.4099998474121,Wednesday,False,342,,Very Active
8877689391,21129,18.9799995422363,0.0,10.5500001907349,0.589999973773956,7.75,0.0199999995529652,68,13,298,1061,3793,2016-04-14,0.0,,,84.5,186.290611546325,25.3099994659424,Thursday,False,379,,Very Active
8877689391,13422,7.17000007629395,0.0,0.0500000007450581,0.0500000007450581,7.01000022888184,0.0099999997764825,106,1,281,1052,3934,2016-04-15,0.0,,,,,,Friday,False,388,,Very Active
8877689391,29326,25.2900009155273,0.0,13.2399997711182,1.21000003814697,10.710000038147,0.0,94,29,429,888,4547,2016-04-16,0.0,,,85.5,188.495234168175,25.5900001525879,Saturday,False,552,,Very Active
8877689391,15118,8.86999988555908,0.0,0.0,0.0700000002980232,8.78999996185303,0.0,58,15,307,1060,3545,2016-04-17,0.0,,,,,,Sunday,False,380,,Very Active
8877689391,11423,8.67000007629395,0.0,2.44000005722046,0.270000010728836,5.94000005722046,0.0,29,5,191,1215,2761,2016-04-18,0.0,,,85.8000030517578,189.156627682704,25.6800003051758,Monday,False,225,,Very Active
8877689391,18785,17.3999996185303,0.0,12.1499996185303,0.180000007152557,5.03000020980835,0.0,82,13,214,1131,3676,2016-04-19,0.0,,,85.3000030517578,188.054316371779,25.5300006866455,Tuesday,False,309,,Very Active
8877689391,19948,18.1100006103516,0.0,11.0200004577637,0.689999997615814,6.34000015258789,0.0,73,19,225,1123,3679,2016-04-20,0.0,,,84.9000015258789,187.172463959052,25.4099998474121,Wednesday,False,317,,Very Active
8877689391,19377,17.6200008392334,0.0,12.289999961853,0.419999986886978,4.8899998664856,0.0,82,13,226,1119,3659,2016-04-21,0.0,,,84.5,186.290611546325,25.2900009155273,Thursday,False,321,,Very Active
8877689391,18258,16.3099994659424,0.0,10.2299995422363,0.0299999993294477,5.96999979019165,0.0500000007450581,61,2,236,1141,3427,2016-04-22,0.0,,,,,,Friday,False,299,,Very Active
8877689391,11200,7.42999982833862,0.0,0.0,0.0,7.40000009536743,0.0099999997764825,102,6,300,1032,3891,2016-04-23,0.0,,,85.5,188.495234168175,25.5900001525879,Saturday,False,408,,Very Active
8877689391,16674,15.7399997711182,0.0,11.0100002288818,0.0099999997764825,4.69000005722046,0.0,64,1,227,1148,3455,2016-04-24,0.0,,,85.5,188.495234168175,25.5900001525879,Sunday,False,292,,Very Active
8877689391,12986,8.73999977111816,0.0,2.36999988555908,0.0700000002980232,6.26999998092651,0.0099999997764825,113,8,218,1101,3802,2016-04-25,0.0,,,85.4000015258789,188.274775269977,25.5599994659424,Monday,False,339,,Very Active
8877689391,11101,8.43000030517578,0.0,1.75999999046326,0.129999995231628,6.5,0.0,22,3,258,1157,2860,2016-04-26,0.0,,,85.0999984741211,187.613381755448,25.4899997711182,Tuesday,False,283,,Very Active
8877689391,23629,20.6499996185303,0.0,13.0699996948242,0.439999997615814,7.09999990463257,0.0,93,8,235,1104,3808,2016-04-27,0.0,,,85.4000015258789,188.274775269977,25.5599994659424,Wednesday,False,336,,Very Active
8877689391,14890,11.3000001907349,0.0,4.92999982833862,0.379999995231628,5.96999979019165,0.0,58,8,231,1143,3060,2016-04-28,0.0,,,85.0999984741211,187.613381755448,25.4899997711182,Thursday,False,297,,Very Active
8877689391,9733,7.3899998664856,0.0,1.37999999523163,0.170000001788139,5.78999996185303,0.0,18,5,210,1207,2698,2016-04-29,0.0,,,84.9000015258789,187.172463959052,25.4099998474121,Friday,False,233,,Fairly Active
8877689391,27745,26.7199993133545,0.0,21.6599998474121,0.0799999982118607,4.92999982833862,0.0,124,4,223,1089,4398,2016-04-30,0.0,,,85.5,188.495234168175,25.5900001525879,Saturday,False,351,,Very Active
8877689391,10930,8.31999969482422,0.0,3.13000011444092,0.569999992847443,4.57000017166138,0.0,36,12,166,1226,2786,2016-05-01,0.0,,,85.3000030517578,188.054316371779,25.5300006866455,Sunday,False,214,,Very Active
8877689391,4790,3.64000010490417,0.0,0.0,0.0,3.55999994277954,0.0,0,0,105,1335,2189,2016-05-02,0.0,,,,,,Monday,False,105,,Sedentary
8877689391,10818,8.21000003814697,0.0,1.38999998569489,0.100000001490116,6.67000007629395,0.0099999997764825,19,3,229,1189,2817,2016-05-03,0.0,,,84.9000015258789,187.172463959052,25.4099998474121,Tuesday,False,251,,Very Active
8877689391,18193,16.2999992370605,0.0,10.4200000762939,0.310000002384186,5.53000020980835,0.0,66,8,212,1154,3477,2016-05-04,0.0,,,84.4000015258789,186.070152648127,25.2600002288818,Wednesday,False,286,,Very Active
8877689391,14055,10.6700000762939,0.0,5.46000003814697,0.819999992847443,4.36999988555908,0.0,67,15,188,1170,3052,2016-05-05,0.0,,,,,,Thursday,False,270,,Very Active
8877689391,21727,19.3400001525879,0.0,12.789999961853,0.28999999165535,6.15999984741211,0.0,96,17,232,1095,4015,2016-05-06,0.0,,,85.0,187.39292285725,25.4400005340576,Friday,False,345,,Very Active
8877689391,12332,8.13000011444092,0.0,0.0799999982118607,0.959999978542328,6.98999977111816,0.0,105,28,271,1036,4142,2016-05-07,0.0,,,,,,Saturday,False,404,,Very Active
8877689391,10686,8.10999965667725,0.0,1.08000004291534,0.200000002980232,6.80000019073486,0.0,17,4,245,1174,2847,2016-05-08,0.0,,,85.4000015258789,188.274775269977,25.5599994659424,Sunday,False,266,,Very Active
8877689391,20226,18.25,0.0,11.1000003814697,0.800000011920929,6.23999977111816,0.0500000007450581,73,19,217,1131,3710,2016-05-09,0.0,,,85.5,188.495234168175,25.6100006103516,Monday,False,309,,Very Active
8877689391,10733,8.14999961853027,0.0,1.35000002384186,0.46000000834465,6.28000020980835,0.0,18,11,224,1187,2832,2016-05-10,0.0,,,,,,Tuesday,False,253,,Very Active
8877689391,21420,19.5599994659424,0.0,13.2200002670288,0.409999996423721,5.8899998664856,0.0,88,12,213,1127,3832,2016-05-11,0.0,,,85.4000015258789,188.274775269977,25.5599994659424,Wednesday,False,313,,Very Active
8877689391,8064,6.11999988555908,0.0,1.82000005245209,0.0399999991059303,4.25,0.0,23,1,137,770,1849,2016-05-12,0.0,,,84.0,185.1883002354,25.1399993896484,Thursday,False,161,,Fairly Active
